--------------------------------------------------------
--  File created - Monday-April-10-2023   
--------------------------------------------------------
--------------------------------------------------------
--  DDL for Sequence BROJ_TELEFONA_ID_SEQ
--------------------------------------------------------

   CREATE SEQUENCE  "S18399"."BROJ_TELEFONA_ID_SEQ"  MINVALUE 1 MAXVALUE 99999 INCREMENT BY 1 START WITH 6 CACHE 5 NOORDER  NOCYCLE   ;
--------------------------------------------------------
--  DDL for Sequence DODATNI_PAKET_KANALA_ID_SEQ
--------------------------------------------------------

   CREATE SEQUENCE  "S18399"."DODATNI_PAKET_KANALA_ID_SEQ"  MINVALUE 1 MAXVALUE 99999 INCREMENT BY 1 START WITH 6 CACHE 5 NOORDER  NOCYCLE   ;
--------------------------------------------------------
--  DDL for Sequence KORISTI_ID_SEQ
--------------------------------------------------------

   CREATE SEQUENCE  "S18399"."KORISTI_ID_SEQ"  MINVALUE 1 MAXVALUE 99999 INCREMENT BY 1 START WITH 146 CACHE 5 NOORDER  NOCYCLE   ;
--------------------------------------------------------
--  DDL for Sequence PLACANJE_ID_SEQ
--------------------------------------------------------

   CREATE SEQUENCE  "S18399"."PLACANJE_ID_SEQ"  MINVALUE 1 MAXVALUE 99999 INCREMENT BY 1 START WITH 6 CACHE 5 NOORDER  NOCYCLE   ;

--------------------------------------------------------
--  DDL for Sequence STATICKA_ADRESA_ID_SEQ
--------------------------------------------------------

   CREATE SEQUENCE  "S18399"."STATICKA_ADRESA_ID_SEQ"  MINVALUE 1 MAXVALUE 99999 INCREMENT BY 1 START WITH 6 CACHE 5 NOORDER  NOCYCLE   ;
--------------------------------------------------------
--  DDL for Sequence TELEFON_ID_SEQ
--------------------------------------------------------

   CREATE SEQUENCE  "S18399"."TELEFON_ID_SEQ"  MINVALUE 1 MAXVALUE 99999 INCREMENT BY 1 START WITH 216 CACHE 5 NOORDER  NOCYCLE   ;
--------------------------------------------------------
--  DDL for Sequence USLUGA_ID_SEQ
--------------------------------------------------------

   CREATE SEQUENCE  "S18399"."USLUGA_ID_SEQ"  MINVALUE 1 MAXVALUE 99999 INCREMENT BY 1 START WITH 11 CACHE 5 NOORDER  NOCYCLE   ;

--------------------------------------------------------
--  DDL for Table BROJ_TELEFONA
--------------------------------------------------------

  CREATE TABLE "S18399"."BROJ_TELEFONA" 
   (	"ID" NUMBER(*,0), 
	"POTROSENI_MINUTI" NUMBER(*,0), 
	"TELEFONIJA" NUMBER(*,0), 
	"BROJ" NUMBER
   ) SEGMENT CREATION IMMEDIATE 
  PCTFREE 10 PCTUSED 40 INITRANS 1 MAXTRANS 255 
 NOCOMPRESS LOGGING
  STORAGE(INITIAL 65536 NEXT 1048576 MINEXTENTS 1 MAXEXTENTS 2147483645
  PCTINCREASE 0 FREELISTS 1 FREELIST GROUPS 1
  BUFFER_POOL DEFAULT FLASH_CACHE DEFAULT CELL_FLASH_CACHE DEFAULT)
  TABLESPACE "STUDENTS" ;

--------------------------------------------------------
--  DDL for Table DODATNI_PAKET_KANALA
--------------------------------------------------------

  CREATE TABLE "S18399"."DODATNI_PAKET_KANALA" 
   (	"ID" NUMBER(*,0), 
	"TELEVIZIJA" NUMBER(*,0), 
	"DODATNI_PAKET_KANALA" VARCHAR2(20 BYTE)
   ) SEGMENT CREATION IMMEDIATE 
  PCTFREE 10 PCTUSED 40 INITRANS 1 MAXTRANS 255 
 NOCOMPRESS LOGGING
  STORAGE(INITIAL 65536 NEXT 1048576 MINEXTENTS 1 MAXEXTENTS 2147483645
  PCTINCREASE 0 FREELISTS 1 FREELIST GROUPS 1
  BUFFER_POOL DEFAULT FLASH_CACHE DEFAULT CELL_FLASH_CACHE DEFAULT)
  TABLESPACE "STUDENTS" ;
--------------------------------------------------------
--  DDL for Table FIZICKA_LICA
--------------------------------------------------------

  CREATE TABLE "S18399"."FIZICKA_LICA" 
   (	"JMBG" NUMBER(13,0)
   ) SEGMENT CREATION IMMEDIATE 
  PCTFREE 10 PCTUSED 40 INITRANS 1 MAXTRANS 255 
 NOCOMPRESS LOGGING
  STORAGE(INITIAL 65536 NEXT 1048576 MINEXTENTS 1 MAXEXTENTS 2147483645
  PCTINCREASE 0 FREELISTS 1 FREELIST GROUPS 1
  BUFFER_POOL DEFAULT FLASH_CACHE DEFAULT CELL_FLASH_CACHE DEFAULT)
  TABLESPACE "STUDENTS" ;
--------------------------------------------------------
--  DDL for Table FLAT_RATE
--------------------------------------------------------

  CREATE TABLE "S18399"."FLAT_RATE" 
   (	"ID_PLACANJA" NUMBER(*,0)
   ) SEGMENT CREATION IMMEDIATE 
  PCTFREE 10 PCTUSED 40 INITRANS 1 MAXTRANS 255 
 NOCOMPRESS LOGGING
  STORAGE(INITIAL 65536 NEXT 1048576 MINEXTENTS 1 MAXEXTENTS 2147483645
  PCTINCREASE 0 FREELISTS 1 FREELIST GROUPS 1
  BUFFER_POOL DEFAULT FLASH_CACHE DEFAULT CELL_FLASH_CACHE DEFAULT)
  TABLESPACE "STUDENTS" ;
--------------------------------------------------------
--  DDL for Table GLAVNA_STANICA
--------------------------------------------------------

  CREATE TABLE "S18399"."GLAVNA_STANICA" 
   (	"SERIJSKI_BROJ_UREDJAJA" NUMBER(*,0), 
	"FLAG_HUB" NUMBER(1,0), 
	"HUB_GLAVNA_STANICA" NUMBER(*,0), 
	"REGION" VARCHAR2(20 BYTE)
   ) SEGMENT CREATION IMMEDIATE 
  PCTFREE 10 PCTUSED 40 INITRANS 1 MAXTRANS 255 
 NOCOMPRESS LOGGING
  STORAGE(INITIAL 65536 NEXT 1048576 MINEXTENTS 1 MAXEXTENTS 2147483645
  PCTINCREASE 0 FREELISTS 1 FREELIST GROUPS 1
  BUFFER_POOL DEFAULT FLASH_CACHE DEFAULT CELL_FLASH_CACHE DEFAULT)
  TABLESPACE "STUDENTS" ;

--------------------------------------------------------
--  DDL for Table INTERNET
--------------------------------------------------------

  CREATE TABLE "S18399"."INTERNET" 
   (	"ID_USLUGE" NUMBER(*,0), 
	"TIP_INTERNETA" VARCHAR2(8 BYTE), 
	"FLAG_PREPAID" NUMBER(1,0), 
	"DATUM_POSLEDNJE_UPLATE" DATE, 
	"STANJE_RACUNA" NUMBER(*,0), 
	"FLAG_POSTPAID" NUMBER(1,0), 
	"PLACANJE_INTERNETA" NUMBER(*,0)
   ) SEGMENT CREATION IMMEDIATE 
  PCTFREE 10 PCTUSED 40 INITRANS 1 MAXTRANS 255 
 NOCOMPRESS LOGGING
  STORAGE(INITIAL 65536 NEXT 1048576 MINEXTENTS 1 MAXEXTENTS 2147483645
  PCTINCREASE 0 FREELISTS 1 FREELIST GROUPS 1
  BUFFER_POOL DEFAULT FLASH_CACHE DEFAULT CELL_FLASH_CACHE DEFAULT)
  TABLESPACE "STUDENTS" ;
--------------------------------------------------------
--  DDL for Table KOMUNIKACIONI_CVOR
--------------------------------------------------------

  CREATE TABLE "S18399"."KOMUNIKACIONI_CVOR" 
   (	"SERIJSKI_BROJ_UREDJAJA" NUMBER(*,0), 
	"OPIS" VARCHAR2(30 BYTE), 
	"BROJ_LOKACIJE" NUMBER(*,0), 
	"ADRESA" VARCHAR2(13 BYTE), 
	"GLAVNA_STANICA_KOM_CVORA" NUMBER(*,0)
   ) SEGMENT CREATION IMMEDIATE 
  PCTFREE 10 PCTUSED 40 INITRANS 1 MAXTRANS 255 
 NOCOMPRESS LOGGING
  STORAGE(INITIAL 65536 NEXT 1048576 MINEXTENTS 1 MAXEXTENTS 2147483645
  PCTINCREASE 0 FREELISTS 1 FREELIST GROUPS 1
  BUFFER_POOL DEFAULT FLASH_CACHE DEFAULT CELL_FLASH_CACHE DEFAULT)
  TABLESPACE "STUDENTS" ;
--------------------------------------------------------
--  DDL for Table KORISNIK
--------------------------------------------------------

  CREATE TABLE "S18399"."KORISNIK" 
   (	"JMBG" NUMBER(13,0), 
	"IME" VARCHAR2(15 BYTE), 
	"PREZIME" VARCHAR2(20 BYTE), 
	"ADRESA" VARCHAR2(20 BYTE), 
	"BROJ" VARCHAR2(10 BYTE), 
	"GRAD" VARCHAR2(15 BYTE), 
	"TIP_KORISNIKA" VARCHAR2(12 BYTE), 
	"KOM_CVOR" NUMBER(*,0)
   ) SEGMENT CREATION IMMEDIATE 
  PCTFREE 10 PCTUSED 40 INITRANS 1 MAXTRANS 255 
 NOCOMPRESS LOGGING
  STORAGE(INITIAL 65536 NEXT 1048576 MINEXTENTS 1 MAXEXTENTS 2147483645
  PCTINCREASE 0 FREELISTS 1 FREELIST GROUPS 1
  BUFFER_POOL DEFAULT FLASH_CACHE DEFAULT CELL_FLASH_CACHE DEFAULT)
  TABLESPACE "STUDENTS" ;
--------------------------------------------------------
--  DDL for Table KORISTI
--------------------------------------------------------

  CREATE TABLE "S18399"."KORISTI" 
   (	"ID" NUMBER(*,0), 
	"JMBG_KORISNIKA" NUMBER(*,0), 
	"ID_USLUGE" NUMBER(*,0)
   ) SEGMENT CREATION IMMEDIATE 
  PCTFREE 10 PCTUSED 40 INITRANS 1 MAXTRANS 255 
 NOCOMPRESS LOGGING
  STORAGE(INITIAL 65536 NEXT 1048576 MINEXTENTS 1 MAXEXTENTS 2147483645
  PCTINCREASE 0 FREELISTS 1 FREELIST GROUPS 1
  BUFFER_POOL DEFAULT FLASH_CACHE DEFAULT CELL_FLASH_CACHE DEFAULT)
  TABLESPACE "STUDENTS" ;

--------------------------------------------------------
--  DDL for Table ODELJENJE
--------------------------------------------------------

  CREATE TABLE "S18399"."ODELJENJE" 
   (	"ID" NUMBER(7,0), 
	"TIP" VARCHAR2(40 BYTE), 
	"LOKACIJA" VARCHAR2(20 BYTE), 
	"BROJ_KASA" NUMBER(2,0), 
	"INFO_PULT" VARCHAR2(2 BYTE) DEFAULT 'Da', 
	"BROJP" NUMBER(7,0)
   ) SEGMENT CREATION IMMEDIATE 
  PCTFREE 10 PCTUSED 40 INITRANS 1 MAXTRANS 255 
 NOCOMPRESS LOGGING
  STORAGE(INITIAL 65536 NEXT 1048576 MINEXTENTS 1 MAXEXTENTS 2147483645
  PCTINCREASE 0 FREELISTS 1 FREELIST GROUPS 1
  BUFFER_POOL DEFAULT FLASH_CACHE DEFAULT CELL_FLASH_CACHE DEFAULT)
  TABLESPACE "STUDENTS" ;
--------------------------------------------------------
--  DDL for Table OSTVAREN_PROTOK
--------------------------------------------------------

  CREATE TABLE "S18399"."OSTVAREN_PROTOK" 
   (	"ID_PLACANJA" NUMBER(*,0), 
	"KOLICINA_OSTAVRENOG_PROTOKA" NUMBER
   ) SEGMENT CREATION IMMEDIATE 
  PCTFREE 10 PCTUSED 40 INITRANS 1 MAXTRANS 255 
 NOCOMPRESS LOGGING
  STORAGE(INITIAL 65536 NEXT 1048576 MINEXTENTS 1 MAXEXTENTS 2147483645
  PCTINCREASE 0 FREELISTS 1 FREELIST GROUPS 1
  BUFFER_POOL DEFAULT FLASH_CACHE DEFAULT CELL_FLASH_CACHE DEFAULT)
  TABLESPACE "STUDENTS" ;
--------------------------------------------------------
--  DDL for Table PLACANJE
--------------------------------------------------------

  CREATE TABLE "S18399"."PLACANJE" 
   (	"ID" NUMBER(*,0), 
	"TIP_PLACANJA" VARCHAR2(18 BYTE)
   ) SEGMENT CREATION IMMEDIATE 
  PCTFREE 10 PCTUSED 40 INITRANS 1 MAXTRANS 255 
 NOCOMPRESS LOGGING
  STORAGE(INITIAL 65536 NEXT 1048576 MINEXTENTS 1 MAXEXTENTS 2147483645
  PCTINCREASE 0 FREELISTS 1 FREELIST GROUPS 1
  BUFFER_POOL DEFAULT FLASH_CACHE DEFAULT CELL_FLASH_CACHE DEFAULT)
  TABLESPACE "STUDENTS" ;
--------------------------------------------------------
--  DDL for Table PRAVNA_LICA
--------------------------------------------------------

  CREATE TABLE "S18399"."PRAVNA_LICA" 
   (	"JMBG" NUMBER(13,0), 
	"IME_KONTAKT_OSOBE" VARCHAR2(15 BYTE), 
	"BROJ_FAKSA" NUMBER(*,0), 
	"PORESKI_IDENTIFIKACIONI_BROJ" NUMBER(*,0)
   ) SEGMENT CREATION IMMEDIATE 
  PCTFREE 10 PCTUSED 40 INITRANS 1 MAXTRANS 255 
 NOCOMPRESS LOGGING
  STORAGE(INITIAL 65536 NEXT 1048576 MINEXTENTS 1 MAXEXTENTS 2147483645
  PCTINCREASE 0 FREELISTS 1 FREELIST GROUPS 1
  BUFFER_POOL DEFAULT FLASH_CACHE DEFAULT CELL_FLASH_CACHE DEFAULT)
  TABLESPACE "STUDENTS" ;

--------------------------------------------------------
--  DDL for Table STATICKA_ADRESA
--------------------------------------------------------

  CREATE TABLE "S18399"."STATICKA_ADRESA" 
   (	"ID" NUMBER(*,0), 
	"FLAT_RATE" NUMBER(*,0), 
	"STATICKA_ADRESA" VARCHAR2(13 BYTE)
   ) SEGMENT CREATION IMMEDIATE 
  PCTFREE 10 PCTUSED 40 INITRANS 1 MAXTRANS 255 
 NOCOMPRESS LOGGING
  STORAGE(INITIAL 65536 NEXT 1048576 MINEXTENTS 1 MAXEXTENTS 2147483645
  PCTINCREASE 0 FREELISTS 1 FREELIST GROUPS 1
  BUFFER_POOL DEFAULT FLASH_CACHE DEFAULT CELL_FLASH_CACHE DEFAULT)
  TABLESPACE "STUDENTS" ;
--------------------------------------------------------
--  DDL for Table TELEFON
--------------------------------------------------------

  CREATE TABLE "S18399"."TELEFON" 
   (	"ID" NUMBER(*,0), 
	"JMBG_KORISNIKA" NUMBER(*,0), 
	"TELEFON" NUMBER(*,0)
   ) SEGMENT CREATION IMMEDIATE 
  PCTFREE 10 PCTUSED 40 INITRANS 1 MAXTRANS 255 
 NOCOMPRESS LOGGING
  STORAGE(INITIAL 65536 NEXT 1048576 MINEXTENTS 1 MAXEXTENTS 2147483645
  PCTINCREASE 0 FREELISTS 1 FREELIST GROUPS 1
  BUFFER_POOL DEFAULT FLASH_CACHE DEFAULT CELL_FLASH_CACHE DEFAULT)
  TABLESPACE "STUDENTS" ;
--------------------------------------------------------
--  DDL for Table TELEFONIJA
--------------------------------------------------------

  CREATE TABLE "S18399"."TELEFONIJA" 
   (	"ID_USLUGE" NUMBER(*,0)
   ) SEGMENT CREATION IMMEDIATE 
  PCTFREE 10 PCTUSED 40 INITRANS 1 MAXTRANS 255 
 NOCOMPRESS LOGGING
  STORAGE(INITIAL 65536 NEXT 1048576 MINEXTENTS 1 MAXEXTENTS 2147483645
  PCTINCREASE 0 FREELISTS 1 FREELIST GROUPS 1
  BUFFER_POOL DEFAULT FLASH_CACHE DEFAULT CELL_FLASH_CACHE DEFAULT)
  TABLESPACE "STUDENTS" ;
--------------------------------------------------------
--  DDL for Table TELEVIZIJA
--------------------------------------------------------

  CREATE TABLE "S18399"."TELEVIZIJA" 
   (	"ID_USLUGE" NUMBER(*,0), 
	"PAKET" VARCHAR2(20 BYTE)
   ) SEGMENT CREATION IMMEDIATE 
  PCTFREE 10 PCTUSED 40 INITRANS 1 MAXTRANS 255 
 NOCOMPRESS LOGGING
  STORAGE(INITIAL 65536 NEXT 1048576 MINEXTENTS 1 MAXEXTENTS 2147483645
  PCTINCREASE 0 FREELISTS 1 FREELIST GROUPS 1
  BUFFER_POOL DEFAULT FLASH_CACHE DEFAULT CELL_FLASH_CACHE DEFAULT)
  TABLESPACE "STUDENTS" ;
--------------------------------------------------------
--  DDL for Table UREDJAJ
--------------------------------------------------------

  CREATE TABLE "S18399"."UREDJAJ" 
   (	"SERIJSKI_BROJ" NUMBER(*,0), 
	"PROIZVODJAC" VARCHAR2(30 BYTE), 
	"DATUM_POCETKA_UPOTREBE" DATE, 
	"RAZLOG_POSLEDNJEG_SERVISA" VARCHAR2(80 BYTE), 
	"TIP_UREDJAJA" VARCHAR2(20 BYTE)
   ) SEGMENT CREATION IMMEDIATE 
  PCTFREE 10 PCTUSED 40 INITRANS 1 MAXTRANS 255 
 NOCOMPRESS LOGGING
  STORAGE(INITIAL 65536 NEXT 1048576 MINEXTENTS 1 MAXEXTENTS 2147483645
  PCTINCREASE 0 FREELISTS 1 FREELIST GROUPS 1
  BUFFER_POOL DEFAULT FLASH_CACHE DEFAULT CELL_FLASH_CACHE DEFAULT)
  TABLESPACE "STUDENTS" ;
--------------------------------------------------------
--  DDL for Table USLUGA
--------------------------------------------------------

  CREATE TABLE "S18399"."USLUGA" 
   (	"ID" NUMBER(*,0), 
	"TIP_USLUGE" VARCHAR2(11 BYTE)
   ) SEGMENT CREATION IMMEDIATE 
  PCTFREE 10 PCTUSED 40 INITRANS 1 MAXTRANS 255 
 NOCOMPRESS LOGGING
  STORAGE(INITIAL 65536 NEXT 1048576 MINEXTENTS 1 MAXEXTENTS 2147483645
  PCTINCREASE 0 FREELISTS 1 FREELIST GROUPS 1
  BUFFER_POOL DEFAULT FLASH_CACHE DEFAULT CELL_FLASH_CACHE DEFAULT)
  TABLESPACE "STUDENTS" ;

Insert into S18399.BROJ_TELEFONA (ID,POTROSENI_MINUTI,TELEFONIJA,BROJ) values (1,54,3,64222222);
Insert into S18399.BROJ_TELEFONA (ID,POTROSENI_MINUTI,TELEFONIJA,BROJ) values (2,124,3,64333333);
Insert into S18399.BROJ_TELEFONA (ID,POTROSENI_MINUTI,TELEFONIJA,BROJ) values (3,48,4,64111111);
Insert into S18399.BROJ_TELEFONA (ID,POTROSENI_MINUTI,TELEFONIJA,BROJ) values (4,220,4,6455555);
Insert into S18399.BROJ_TELEFONA (ID,POTROSENI_MINUTI,TELEFONIJA,BROJ) values (5,156,4,6477777);

Insert into S18399.DODATNI_PAKET_KANALA (ID,TELEVIZIJA,DODATNI_PAKET_KANALA) values (1,5,'Dodatak 1');
Insert into S18399.DODATNI_PAKET_KANALA (ID,TELEVIZIJA,DODATNI_PAKET_KANALA) values (2,5,'Dodatak 2');
Insert into S18399.DODATNI_PAKET_KANALA (ID,TELEVIZIJA,DODATNI_PAKET_KANALA) values (3,6,'Dodatak 1');
REM INSERTING into S18399.FIZICKA_LICA
SET DEFINE OFF;
Insert into S18399.FIZICKA_LICA (JMBG) values (33445566778);
Insert into S18399.FIZICKA_LICA (JMBG) values (68445566778);
Insert into S18399.FIZICKA_LICA (JMBG) values (1010102210101);
Insert into S18399.FIZICKA_LICA (JMBG) values (1022102210001);
Insert into S18399.FIZICKA_LICA (JMBG) values (1022102210101);
Insert into S18399.FIZICKA_LICA (JMBG) values (1122334455667);
Insert into S18399.FIZICKA_LICA (JMBG) values (1134564690123);
Insert into S18399.FIZICKA_LICA (JMBG) values (1134567890123);
Insert into S18399.FIZICKA_LICA (JMBG) values (1145678901234);
Insert into S18399.FIZICKA_LICA (JMBG) values (1155555365555);
Insert into S18399.FIZICKA_LICA (JMBG) values (1155555555555);
Insert into S18399.FIZICKA_LICA (JMBG) values (1156789012345);
Insert into S18399.FIZICKA_LICA (JMBG) values (1167890123456);
Insert into S18399.FIZICKA_LICA (JMBG) values (1178901234567);
Insert into S18399.FIZICKA_LICA (JMBG) values (1222334424667);
Insert into S18399.FIZICKA_LICA (JMBG) values (1222334455667);
Insert into S18399.FIZICKA_LICA (JMBG) values (1234567890123);
Insert into S18399.FIZICKA_LICA (JMBG) values (2201234524890);
Insert into S18399.FIZICKA_LICA (JMBG) values (2201234567890);
Insert into S18399.FIZICKA_LICA (JMBG) values (2212345624901);
Insert into S18399.FIZICKA_LICA (JMBG) values (2212345678901);
Insert into S18399.FIZICKA_LICA (JMBG) values (2233445566778);
Insert into S18399.FIZICKA_LICA (JMBG) values (2289012324678);
Insert into S18399.FIZICKA_LICA (JMBG) values (2289012345678);
Insert into S18399.FIZICKA_LICA (JMBG) values (2290123424789);
Insert into S18399.FIZICKA_LICA (JMBG) values (2290123456789);
Insert into S18399.FIZICKA_LICA (JMBG) values (2345678901234);
Insert into S18399.FIZICKA_LICA (JMBG) values (3333333333756);
Insert into S18399.FIZICKA_LICA (JMBG) values (3333333993756);
Insert into S18399.FIZICKA_LICA (JMBG) values (3355667788990);
Insert into S18399.FIZICKA_LICA (JMBG) values (3368667788990);
Insert into S18399.FIZICKA_LICA (JMBG) values (3456781512349);
Insert into S18399.FIZICKA_LICA (JMBG) values (3456789012340);
Insert into S18399.FIZICKA_LICA (JMBG) values (3456789012345);
Insert into S18399.FIZICKA_LICA (JMBG) values (3456789012349);
Insert into S18399.FIZICKA_LICA (JMBG) values (4455667788990);
Insert into S18399.FIZICKA_LICA (JMBG) values (4488990011220);
Insert into S18399.FIZICKA_LICA (JMBG) values (4488990361220);
Insert into S18399.FIZICKA_LICA (JMBG) values (4567890123450);
Insert into S18399.FIZICKA_LICA (JMBG) values (4567890123456);
Insert into S18399.FIZICKA_LICA (JMBG) values (4567890123499);
Insert into S18399.FIZICKA_LICA (JMBG) values (4567891523499);
Insert into S18399.FIZICKA_LICA (JMBG) values (5555555555555);
Insert into S18399.FIZICKA_LICA (JMBG) values (5577777587777);
Insert into S18399.FIZICKA_LICA (JMBG) values (5577777777777);
Insert into S18399.FIZICKA_LICA (JMBG) values (5674901234560);
Insert into S18399.FIZICKA_LICA (JMBG) values (5674901554560);
Insert into S18399.FIZICKA_LICA (JMBG) values (5674901555860);
Insert into S18399.FIZICKA_LICA (JMBG) values (5678901234567);
Insert into S18399.FIZICKA_LICA (JMBG) values (6226634660066);
Insert into S18399.FIZICKA_LICA (JMBG) values (6226634666666);
Insert into S18399.FIZICKA_LICA (JMBG) values (6368889900112);
Insert into S18399.FIZICKA_LICA (JMBG) values (6377889900112);
Insert into S18399.FIZICKA_LICA (JMBG) values (6666634666666);
Insert into S18399.FIZICKA_LICA (JMBG) values (6677889900112);
Insert into S18399.FIZICKA_LICA (JMBG) values (6789012345678);
Insert into S18399.FIZICKA_LICA (JMBG) values (7227776870077);
Insert into S18399.FIZICKA_LICA (JMBG) values (7227776877777);
Insert into S18399.FIZICKA_LICA (JMBG) values (7777776877777);
Insert into S18399.FIZICKA_LICA (JMBG) values (7777777777777);
Insert into S18399.FIZICKA_LICA (JMBG) values (7788990011220);
Insert into S18399.FIZICKA_LICA (JMBG) values (7890123456789);
Insert into S18399.FIZICKA_LICA (JMBG) values (8901234567890);
Insert into S18399.FIZICKA_LICA (JMBG) values (9012345678901);
REM INSERTING into S18399.FLAT_RATE
SET DEFINE OFF;
Insert into S18399.FLAT_RATE (ID_PLACANJA) values (2);
Insert into S18399.FLAT_RATE (ID_PLACANJA) values (3);
REM INSERTING into S18399.GLAVNA_STANICA
SET DEFINE OFF;
Insert into S18399.GLAVNA_STANICA (ID,FLAG_HUB,HUB_GLAVNA_STANICA,REGION) values (4,0,1,null);
Insert into S18399.GLAVNA_STANICA (ID,FLAG_HUB,HUB_GLAVNA_STANICA,REGION) values (5,0,1,null);
Insert into S18399.GLAVNA_STANICA (ID,FLAG_HUB,HUB_GLAVNA_STANICA,REGION) values (6,0,1,null);
Insert into S18399.GLAVNA_STANICA (ID,FLAG_HUB,HUB_GLAVNA_STANICA,REGION) values (7,0,2,null);
Insert into S18399.GLAVNA_STANICA (ID,FLAG_HUB,HUB_GLAVNA_STANICA,REGION) values (8,0,2,null);
Insert into S18399.GLAVNA_STANICA (ID,FLAG_HUB,HUB_GLAVNA_STANICA,REGION) values (9,0,2,null);
Insert into S18399.GLAVNA_STANICA (ID,FLAG_HUB,HUB_GLAVNA_STANICA,REGION) values (10,0,3,null);
Insert into S18399.GLAVNA_STANICA (ID,FLAG_HUB,HUB_GLAVNA_STANICA,REGION) values (11,0,3,null);
Insert into S18399.GLAVNA_STANICA (ID,FLAG_HUB,HUB_GLAVNA_STANICA,REGION) values (12,0,3,null);
Insert into S18399.GLAVNA_STANICA (ID,FLAG_HUB,HUB_GLAVNA_STANICA,REGION) values (1,1,null,'Beograd');
Insert into S18399.GLAVNA_STANICA (ID,FLAG_HUB,HUB_GLAVNA_STANICA,REGION) values (2,1,null,'Novi Sad');
Insert into S18399.GLAVNA_STANICA (ID,FLAG_HUB,HUB_GLAVNA_STANICA,REGION) values (3,1,null,'Kragujevac');

Insert into S18399.INTERNET (ID_USLUGE,TIP_INTERNETA,FLAG_PREPAID,DATUM_POSLEDNJE_UPLATE,STANJE_RACUNA,FLAG_POSTPAID,PLACANJE_INTERNETA) values (1,'Prepaid',1,to_date('28-FEB-22','DD-MON-RR'),1989,0,1);
Insert into S18399.INTERNET (ID_USLUGE,TIP_INTERNETA,FLAG_PREPAID,DATUM_POSLEDNJE_UPLATE,STANJE_RACUNA,FLAG_POSTPAID,PLACANJE_INTERNETA) values (2,'Postpaid',0,null,null,1,2);
Insert into S18399.INTERNET (ID_USLUGE,TIP_INTERNETA,FLAG_PREPAID,DATUM_POSLEDNJE_UPLATE,STANJE_RACUNA,FLAG_POSTPAID,PLACANJE_INTERNETA) values (7,'Postpaid',0,null,null,1,3);
REM INSERTING into S18399.KOMUNIKACIONI_CVOR
SET DEFINE OFF;
Insert into S18399.KOMUNIKACIONI_CVOR (ID,OPIS,BROJ_LOKACIJE,ADRESA,GLAVNA_STANICA_KOM_CVORA) values (456789,'Komunikacioni ?vor A',1,'Adresa 1',45678);
Insert into S18399.KOMUNIKACIONI_CVOR (ID,OPIS,BROJ_LOKACIJE,ADRESA,GLAVNA_STANICA_KOM_CVORA) values (567890,'Komunikacioni ?vor B',2,'Adresa 2',45678);
Insert into S18399.KOMUNIKACIONI_CVOR (ID,OPIS,BROJ_LOKACIJE,ADRESA,GLAVNA_STANICA_KOM_CVORA) values (789012,'Komunikacioni ?vor D',4,'Adresa 4',56789);
Insert into S18399.KOMUNIKACIONI_CVOR (ID,OPIS,BROJ_LOKACIJE,ADRESA,GLAVNA_STANICA_KOM_CVORA) values (678901,'Komunikacioni ?vor C',3,'Adresa 3',45678);
Insert into S18399.KOMUNIKACIONI_CVOR (ID,OPIS,BROJ_LOKACIJE,ADRESA,GLAVNA_STANICA_KOM_CVORA) values (890123,'Komunikacioni ?vor E',5,'Adresa 5',56789);
Insert into S18399.KOMUNIKACIONI_CVOR (ID,OPIS,BROJ_LOKACIJE,ADRESA,GLAVNA_STANICA_KOM_CVORA) values (901234,'Komunikacioni ?vor F',6,'Adresa 6',56789);
Insert into S18399.KOMUNIKACIONI_CVOR (ID,OPIS,BROJ_LOKACIJE,ADRESA,GLAVNA_STANICA_KOM_CVORA) values (1234567,'Komunikacioni ?vor G',7,'Adresa 7',67890);
Insert into S18399.KOMUNIKACIONI_CVOR (ID,OPIS,BROJ_LOKACIJE,ADRESA,GLAVNA_STANICA_KOM_CVORA) values (2345678,'Komunikacioni ?vor H',8,'Adresa 8',67890);
Insert into S18399.KOMUNIKACIONI_CVOR (ID,OPIS,BROJ_LOKACIJE,ADRESA,GLAVNA_STANICA_KOM_CVORA) values (3456789,'Komunikacioni ?vor I',9,'Adresa 9',67890);
Insert into S18399.KOMUNIKACIONI_CVOR (ID,OPIS,BROJ_LOKACIJE,ADRESA,GLAVNA_STANICA_KOM_CVORA) values (4567890,'Komunikacioni ?vor J',10,'Adresa 10',78901);
Insert into S18399.KOMUNIKACIONI_CVOR (ID,OPIS,BROJ_LOKACIJE,ADRESA,GLAVNA_STANICA_KOM_CVORA) values (5678901,'Komunikacioni ?vor K',11,'Adresa 11',78901);
Insert into S18399.KOMUNIKACIONI_CVOR (ID,OPIS,BROJ_LOKACIJE,ADRESA,GLAVNA_STANICA_KOM_CVORA) values (123456789,'Komunikacioni ?vor L',12,'Adresa 12',78901);
Insert into S18399.KOMUNIKACIONI_CVOR (ID,OPIS,BROJ_LOKACIJE,ADRESA,GLAVNA_STANICA_KOM_CVORA) values (234567890,'Komunikacioni ?vor M',13,'Adresa 13',89012);
Insert into S18399.KOMUNIKACIONI_CVOR (ID,OPIS,BROJ_LOKACIJE,ADRESA,GLAVNA_STANICA_KOM_CVORA) values (345678901,'Komunikacioni ?vor N',14,'Adresa 14',89012);
Insert into S18399.KOMUNIKACIONI_CVOR (ID,OPIS,BROJ_LOKACIJE,ADRESA,GLAVNA_STANICA_KOM_CVORA) values (3456789012,'Komunikacioni ?vor O',15,'Adresa 15',89012);
Insert into S18399.KOMUNIKACIONI_CVOR (ID,OPIS,BROJ_LOKACIJE,ADRESA,GLAVNA_STANICA_KOM_CVORA) values (567890123,'Komunikacioni ?vor P',16,'Adresa 16',90123);
Insert into S18399.KOMUNIKACIONI_CVOR (ID,OPIS,BROJ_LOKACIJE,ADRESA,GLAVNA_STANICA_KOM_CVORA) values (678901234,'Komunikacioni ?vor Q',17,'Adresa 17',90123);
Insert into S18399.KOMUNIKACIONI_CVOR (ID,OPIS,BROJ_LOKACIJE,ADRESA,GLAVNA_STANICA_KOM_CVORA) values (789012345,'Komunikacioni ?vor R',18,'Adresa 18',90123);
Insert into S18399.KOMUNIKACIONI_CVOR (ID,OPIS,BROJ_LOKACIJE,ADRESA,GLAVNA_STANICA_KOM_CVORA) values (556677889,'Komunikacioni ?vor S',19,'Adresa 19',123456);
Insert into S18399.KOMUNIKACIONI_CVOR (ID,OPIS,BROJ_LOKACIJE,ADRESA,GLAVNA_STANICA_KOM_CVORA) values (778899001,'Komunikacioni ?vor T',20,'Adresa 20',123456);
Insert into S18399.KOMUNIKACIONI_CVOR (ID,OPIS,BROJ_LOKACIJE,ADRESA,GLAVNA_STANICA_KOM_CVORA) values (889900112,'Komunikacioni ?vor U',21,'Adresa 21',123456);
Insert into S18399.KOMUNIKACIONI_CVOR (ID,OPIS,BROJ_LOKACIJE,ADRESA,GLAVNA_STANICA_KOM_CVORA) values (990011223,'Komunikacioni ?vor V',22,'Adresa 22',234567);
Insert into S18399.KOMUNIKACIONI_CVOR (ID,OPIS,BROJ_LOKACIJE,ADRESA,GLAVNA_STANICA_KOM_CVORA) values (100123456,'Komunikacioni ?vor W',23,'Adresa 23',234567);
Insert into S18399.KOMUNIKACIONI_CVOR (ID,OPIS,BROJ_LOKACIJE,ADRESA,GLAVNA_STANICA_KOM_CVORA) values (111234567,'Komunikacioni ?vor X',24,'Adresa 24',234567);
Insert into S18399.KOMUNIKACIONI_CVOR (ID,OPIS,BROJ_LOKACIJE,ADRESA,GLAVNA_STANICA_KOM_CVORA) values (222345678,'Komunikacioni ?vor Y',25,'Adresa 25',345678);
Insert into S18399.KOMUNIKACIONI_CVOR (ID,OPIS,BROJ_LOKACIJE,ADRESA,GLAVNA_STANICA_KOM_CVORA) values (333456789,'Komunikacioni ?vor Z',26,'Adresa 26',345678);
Insert into S18399.KOMUNIKACIONI_CVOR (ID,OPIS,BROJ_LOKACIJE,ADRESA,GLAVNA_STANICA_KOM_CVORA) values (123459,'Komunikacioni ?vor AA',27,'Adresa 27',345678);
REM INSERTING into S18399.KORISNIK
SET DEFINE OFF;
Insert into S18399.KORISNIK (JMBG,IME,PREZIME,ADRESA,BROJ,GRAD,TIP_KORISNIKA,KOM_CVOR) values (1234567890123,'Ana','Ivanovic','Kneza Milosa','15','Beograd','Fizicko lice',456789);
Insert into S18399.KORISNIK (JMBG,IME,PREZIME,ADRESA,BROJ,GRAD,TIP_KORISNIKA,KOM_CVOR) values (2345678901234,'Marko','Milic','Vojvode Stepe','45','Beograd','Fizicko lice',456789);
Insert into S18399.KORISNIK (JMBG,IME,PREZIME,ADRESA,BROJ,GRAD,TIP_KORISNIKA,KOM_CVOR) values (3456789012345,'Jovana','Kovacevic','Cara Lazara','10','Beograd','Fizicko lice',456789);
Insert into S18399.KORISNIK (JMBG,IME,PREZIME,ADRESA,BROJ,GRAD,TIP_KORISNIKA,KOM_CVOR) values (4567890123456,'Nikola','Jankovic','Krunska','33','Beograd','Fizicko lice',456789);
Insert into S18399.KORISNIK (JMBG,IME,PREZIME,ADRESA,BROJ,GRAD,TIP_KORISNIKA,KOM_CVOR) values (5678901234567,'Milica','Stankovic','Mije Kovacevica','7','Beograd','Fizicko lice',456789);
Insert into S18399.KORISNIK (JMBG,IME,PREZIME,ADRESA,BROJ,GRAD,TIP_KORISNIKA,KOM_CVOR) values (6789012345678,'Luka','Popovic','Nemanjina','20','Beograd','Fizicko lice',567890);
Insert into S18399.KORISNIK (JMBG,IME,PREZIME,ADRESA,BROJ,GRAD,TIP_KORISNIKA,KOM_CVOR) values (7890123456789,'Sanja','Ristic','Kralja Petra','8','Beograd','Fizicko lice',567890);
Insert into S18399.KORISNIK (JMBG,IME,PREZIME,ADRESA,BROJ,GRAD,TIP_KORISNIKA,KOM_CVOR) values (8901234567890,'Mihajlo','Mladenovic','Kneza Milosa','22','Beograd','Fizicko lice',567890);
Insert into S18399.KORISNIK (JMBG,IME,PREZIME,ADRESA,BROJ,GRAD,TIP_KORISNIKA,KOM_CVOR) values (9012345678901,'Jelena','Vukovic','Cara Urosa','5','Beograd','Fizicko lice',567890);
Insert into S18399.KORISNIK (JMBG,IME,PREZIME,ADRESA,BROJ,GRAD,TIP_KORISNIKA,KOM_CVOR) values (1122334455667,'Predrag','Jovanovic','Kralja Petra','10','Beograd','Fizicko lice',567890);
Insert into S18399.KORISNIK (JMBG,IME,PREZIME,ADRESA,BROJ,GRAD,TIP_KORISNIKA,KOM_CVOR) values (2233445566778,'Sofija','Petrovic','Narodnog Fronta','1','Beograd','Fizicko lice',678901);
Insert into S18399.KORISNIK (JMBG,IME,PREZIME,ADRESA,BROJ,GRAD,TIP_KORISNIKA,KOM_CVOR) values (3344556677889,'Igor','Kovacevic','Knez Mihajlova','30','Beograd','Pravno lice',678901);
Insert into S18399.KORISNIK (JMBG,IME,PREZIME,ADRESA,BROJ,GRAD,TIP_KORISNIKA,KOM_CVOR) values (4455667788990,'Petar','Milosevic','Vojvode Misica','5','Beograd','Fizicko lice',678901);
Insert into S18399.KORISNIK (JMBG,IME,PREZIME,ADRESA,BROJ,GRAD,TIP_KORISNIKA,KOM_CVOR) values (5566778899001,'Marija','Lukic','Bulevar Oslobodjenja','14','Beograd','Pravno lice',678901);
Insert into S18399.KORISNIK (JMBG,IME,PREZIME,ADRESA,BROJ,GRAD,TIP_KORISNIKA,KOM_CVOR) values (6677889900112,'Ivana','Djokic','Bulevar Mihajla','23','Beograd','Fizicko lice',678901);
Insert into S18399.KORISNIK (JMBG,IME,PREZIME,ADRESA,BROJ,GRAD,TIP_KORISNIKA,KOM_CVOR) values (7788990011223,'Aleksandar','Savic','Cara Dusana','12','Beograd','Fizicko lice',789012);
Insert into S18399.KORISNIK (JMBG,IME,PREZIME,ADRESA,BROJ,GRAD,TIP_KORISNIKA,KOM_CVOR) values (1111111111111,'Ana','Anic','Ulica','1','Beograd','Pravno ',789012);
Insert into S18399.KORISNIK (JMBG,IME,PREZIME,ADRESA,BROJ,GRAD,TIP_KORISNIKA,KOM_CVOR) values (2222222222222,'Boris','Boric','Ulica','2','Beograd','Pravno',789012);
Insert into S18399.KORISNIK (JMBG,IME,PREZIME,ADRESA,BROJ,GRAD,TIP_KORISNIKA,KOM_CVOR) values (3333333333333,'Ceca','Cecic','Ulica','3','Beograd','Pravno ',789012);
Insert into S18399.KORISNIK (JMBG,IME,PREZIME,ADRESA,BROJ,GRAD,TIP_KORISNIKA,KOM_CVOR) values (4444444444444,'Danilo','Danilovic','Ulica','4','Beograd','Pravno',789012);
Insert into S18399.KORISNIK (JMBG,IME,PREZIME,ADRESA,BROJ,GRAD,TIP_KORISNIKA,KOM_CVOR) values (7788990011220,'Aleksandar','Savic','Cara Dusana','12','Beograd','Fizicko lice',789012);
Insert into S18399.KORISNIK (JMBG,IME,PREZIME,ADRESA,BROJ,GRAD,TIP_KORISNIKA,KOM_CVOR) values (5555555555555,'Elena','Elenic','Ulica','5','Beograd','Fizicko',890123);
Insert into S18399.KORISNIK (JMBG,IME,PREZIME,ADRESA,BROJ,GRAD,TIP_KORISNIKA,KOM_CVOR) values (6666666666666,'Filip','Filipovic','Ulica','6','Beograd','Pravno',890123);
Insert into S18399.KORISNIK (JMBG,IME,PREZIME,ADRESA,BROJ,GRAD,TIP_KORISNIKA,KOM_CVOR) values (7777777777777,'Goran','Goranic','Ulica','7','Beograd','Fizicko ',890123);
Insert into S18399.KORISNIK (JMBG,IME,PREZIME,ADRESA,BROJ,GRAD,TIP_KORISNIKA,KOM_CVOR) values (8888888888888,'Hana','Hanic','Ulica','8','Beograd','Pravno',890123);
Insert into S18399.KORISNIK (JMBG,IME,PREZIME,ADRESA,BROJ,GRAD,TIP_KORISNIKA,KOM_CVOR) values (9999999999999,'Ivan','Ivanic','Ulica','9','Beograd','Pravno',890123);
Insert into S18399.KORISNIK (JMBG,IME,PREZIME,ADRESA,BROJ,GRAD,TIP_KORISNIKA,KOM_CVOR) values (1234567890120,'Jovana','Jovanovic','Ulica','10','Beograd','Pravno',901234);
Insert into S18399.KORISNIK (JMBG,IME,PREZIME,ADRESA,BROJ,GRAD,TIP_KORISNIKA,KOM_CVOR) values (2345678901230,'Kosta','Kostic','Ulica','11','Beograd','Pravno',901234);
Insert into S18399.KORISNIK (JMBG,IME,PREZIME,ADRESA,BROJ,GRAD,TIP_KORISNIKA,KOM_CVOR) values (3456789012340,'Lena','Lenic','Ulica','12','Beograd','Pravno',901234);
Insert into S18399.KORISNIK (JMBG,IME,PREZIME,ADRESA,BROJ,GRAD,TIP_KORISNIKA,KOM_CVOR) values (4567890123450,'Marko','Markovic','Ulica','13','Beograd','Fizicko',901234);
Insert into S18399.KORISNIK (JMBG,IME,PREZIME,ADRESA,BROJ,GRAD,TIP_KORISNIKA,KOM_CVOR) values (5678901234560,'Nina','Ninic','Ulica','14','Beograd','Pravno',901234);
Insert into S18399.KORISNIK (JMBG,IME,PREZIME,ADRESA,BROJ,GRAD,TIP_KORISNIKA,KOM_CVOR) values (5678991234560,'Nina','Ninic','Ulica','14','Beograd','Fizicko ',1234567);
Insert into S18399.KORISNIK (JMBG,IME,PREZIME,ADRESA,BROJ,GRAD,TIP_KORISNIKA,KOM_CVOR) values (6789012745678,'Olga','Olgic','Ulica','15','Beograd','Pravno',1234567);
Insert into S18399.KORISNIK (JMBG,IME,PREZIME,ADRESA,BROJ,GRAD,TIP_KORISNIKA,KOM_CVOR) values (7890129456789,'Petar','Petrovic','Ulica','16','Beograd','Pravno',1234567);
Insert into S18399.KORISNIK (JMBG,IME,PREZIME,ADRESA,BROJ,GRAD,TIP_KORISNIKA,KOM_CVOR) values (8903234567890,'Qwerty','Qwertyic','Ulica','17','Beograd','Pravno',1234567);
Insert into S18399.KORISNIK (JMBG,IME,PREZIME,ADRESA,BROJ,GRAD,TIP_KORISNIKA,KOM_CVOR) values (9012365678901,'Rade','Radic','Ulica','18','Beograd','Pravno',1234567);
Insert into S18399.KORISNIK (JMBG,IME,PREZIME,ADRESA,BROJ,GRAD,TIP_KORISNIKA,KOM_CVOR) values (5674901234560,'Nina','Ninic','Ulica','14','Beograd','Fizicko ',1234567);
Insert into S18399.KORISNIK (JMBG,IME,PREZIME,ADRESA,BROJ,GRAD,TIP_KORISNIKA,KOM_CVOR) values (6666634666666,'Filip','Filipovic','Kneza Milosa','15','Beograd','Fizicko',3456789);
Insert into S18399.KORISNIK (JMBG,IME,PREZIME,ADRESA,BROJ,GRAD,TIP_KORISNIKA,KOM_CVOR) values (8888883688888,'Nina','Ninic','Bulevar Vojvode','20','Beograd','Pravno',3456789);
Insert into S18399.KORISNIK (JMBG,IME,PREZIME,ADRESA,BROJ,GRAD,TIP_KORISNIKA,KOM_CVOR) values (9999996799999,'Ivan','Ivanovic','Jovana Cvijica','12','Beograd','Pravno',3456789);
Insert into S18399.KORISNIK (JMBG,IME,PREZIME,ADRESA,BROJ,GRAD,TIP_KORISNIKA,KOM_CVOR) values (1010102210101,'Lena','Lenic','Kralja Petra','22','Beograd','Fizicko',3456789);
Insert into S18399.KORISNIK (JMBG,IME,PREZIME,ADRESA,BROJ,GRAD,TIP_KORISNIKA,KOM_CVOR) values (7777776877777,'Milan','Milanovic','Milesevska','5','Beograd','Fizicko',3456789);
Insert into S18399.KORISNIK (JMBG,IME,PREZIME,ADRESA,BROJ,GRAD,TIP_KORISNIKA,KOM_CVOR) values (1134567890123,'Ana','Ivanovic','Kneza Milosa','15','Novi Sad','Fizicko lice',4567890);
Insert into S18399.KORISNIK (JMBG,IME,PREZIME,ADRESA,BROJ,GRAD,TIP_KORISNIKA,KOM_CVOR) values (1145678901234,'Marko','Milic','Vojvode Stepe','45','Novi Sad','Fizicko lice',4567890);
Insert into S18399.KORISNIK (JMBG,IME,PREZIME,ADRESA,BROJ,GRAD,TIP_KORISNIKA,KOM_CVOR) values (1156789012345,'Jovana','Kovacevic','Cara Lazara','10','Novi Sad','Fizicko lice',4567890);
Insert into S18399.KORISNIK (JMBG,IME,PREZIME,ADRESA,BROJ,GRAD,TIP_KORISNIKA,KOM_CVOR) values (1167890123456,'Nikola','Jankovic','Krunska','33','Novi Sad','Fizicko lice',4567890);
Insert into S18399.KORISNIK (JMBG,IME,PREZIME,ADRESA,BROJ,GRAD,TIP_KORISNIKA,KOM_CVOR) values (1178901234567,'Milica','Stankovic','Mije Kovacevica','7','Novi Sad','Fizicko lice',4567890);
Insert into S18399.KORISNIK (JMBG,IME,PREZIME,ADRESA,BROJ,GRAD,TIP_KORISNIKA,KOM_CVOR) values (2289012345678,'Luka','Popovic','Nemanjina','20','Novi Sad','Fizicko lice',5678901);
Insert into S18399.KORISNIK (JMBG,IME,PREZIME,ADRESA,BROJ,GRAD,TIP_KORISNIKA,KOM_CVOR) values (2290123456789,'Sanja','Ristic','Kralja Petra','8','Novi Sad','Fizicko lice',5678901);
Insert into S18399.KORISNIK (JMBG,IME,PREZIME,ADRESA,BROJ,GRAD,TIP_KORISNIKA,KOM_CVOR) values (2201234567890,'Mihajlo','Mladenovic','Kneza Milosa','22','Novi Sad','Fizicko lice',5678901);
Insert into S18399.KORISNIK (JMBG,IME,PREZIME,ADRESA,BROJ,GRAD,TIP_KORISNIKA,KOM_CVOR) values (2212345678901,'Jelena','Vukovic','Cara Urosa','5','Novi Sad','Fizicko lice',5678901);
Insert into S18399.KORISNIK (JMBG,IME,PREZIME,ADRESA,BROJ,GRAD,TIP_KORISNIKA,KOM_CVOR) values (1222334455667,'Predrag','Jovanovic','Kralja Petra','10','Novi Sad','Fizicko lice',5678901);
Insert into S18399.KORISNIK (JMBG,IME,PREZIME,ADRESA,BROJ,GRAD,TIP_KORISNIKA,KOM_CVOR) values (33445566778,'Sofija','Petrovic','Narodnog Fronta','1','Novi Sad','Fizicko lice',123456789);
Insert into S18399.KORISNIK (JMBG,IME,PREZIME,ADRESA,BROJ,GRAD,TIP_KORISNIKA,KOM_CVOR) values (44556677889,'Igor','Kovacevic','Knez Mihajlova','30','Novi Sad','Pravno lice',123456789);
Insert into S18399.KORISNIK (JMBG,IME,PREZIME,ADRESA,BROJ,GRAD,TIP_KORISNIKA,KOM_CVOR) values (3355667788990,'Petar','Milosevic','Vojvode Misica','5','Novi Sad','Fizicko lice',123456789);
Insert into S18399.KORISNIK (JMBG,IME,PREZIME,ADRESA,BROJ,GRAD,TIP_KORISNIKA,KOM_CVOR) values (5366778899001,'Marija','Lukic','Bulevar Oslobodjenja','14','Novi Sad','Pravno lice',123456789);
Insert into S18399.KORISNIK (JMBG,IME,PREZIME,ADRESA,BROJ,GRAD,TIP_KORISNIKA,KOM_CVOR) values (6377889900112,'Ivana','Djokic','Bulevar Mihajla','23','Novi Sad','Fizicko lice',123456789);
Insert into S18399.KORISNIK (JMBG,IME,PREZIME,ADRESA,BROJ,GRAD,TIP_KORISNIKA,KOM_CVOR) values (4488990011220,'Aleksandar','Savic','Cara Dusana','12','Novi Sad','Fizicko lice',234567890);
Insert into S18399.KORISNIK (JMBG,IME,PREZIME,ADRESA,BROJ,GRAD,TIP_KORISNIKA,KOM_CVOR) values (4411111111111,'Ana','Anic','Ulica','1','Novi Sad','Pravno',234567890);
Insert into S18399.KORISNIK (JMBG,IME,PREZIME,ADRESA,BROJ,GRAD,TIP_KORISNIKA,KOM_CVOR) values (4422222222222,'Boris','Boric','Ulica','2','Novi Sad','Pravno',234567890);
Insert into S18399.KORISNIK (JMBG,IME,PREZIME,ADRESA,BROJ,GRAD,TIP_KORISNIKA,KOM_CVOR) values (4433333333333,'Ceca','Cecic','Ulica','3','Novi Sad','Pravno',234567890);
Insert into S18399.KORISNIK (JMBG,IME,PREZIME,ADRESA,BROJ,GRAD,TIP_KORISNIKA,KOM_CVOR) values (4554444444444,'Danilo','Danilovic','Ulica','4','Novi Sad','Pravno',234567890);
Insert into S18399.KORISNIK (JMBG,IME,PREZIME,ADRESA,BROJ,GRAD,TIP_KORISNIKA,KOM_CVOR) values (1155555555555,'Elena','Elenic','Ulica','5','Novi Sad','Fizicko',345678901);
Insert into S18399.KORISNIK (JMBG,IME,PREZIME,ADRESA,BROJ,GRAD,TIP_KORISNIKA,KOM_CVOR) values (1166666666666,'Filip','Filipovic','Ulica','6','Novi Sad','Pravno',345678901);
Insert into S18399.KORISNIK (JMBG,IME,PREZIME,ADRESA,BROJ,GRAD,TIP_KORISNIKA,KOM_CVOR) values (5577777777777,'Goran','Goranic','Ulica','7','Novi Sad','Fizicko ',345678901);
Insert into S18399.KORISNIK (JMBG,IME,PREZIME,ADRESA,BROJ,GRAD,TIP_KORISNIKA,KOM_CVOR) values (6688888888888,'Hana','Hanic','Ulica','8','Novi Sad','Pravno',345678901);
Insert into S18399.KORISNIK (JMBG,IME,PREZIME,ADRESA,BROJ,GRAD,TIP_KORISNIKA,KOM_CVOR) values (4299999999999,'Ivan','Ivanic','Ulica','9','Novi Sad','Pravno',345678901);
Insert into S18399.KORISNIK (JMBG,IME,PREZIME,ADRESA,BROJ,GRAD,TIP_KORISNIKA,KOM_CVOR) values (1234567890199,'Jovana','Jovanovic','Ulica','10','Novi Sad','Pravno',3456789012);
Insert into S18399.KORISNIK (JMBG,IME,PREZIME,ADRESA,BROJ,GRAD,TIP_KORISNIKA,KOM_CVOR) values (2345678901299,'Kosta','Kostic','Ulica','11','Novi Sad','Pravno',3456789012);
Insert into S18399.KORISNIK (JMBG,IME,PREZIME,ADRESA,BROJ,GRAD,TIP_KORISNIKA,KOM_CVOR) values (3456789012349,'Lena','Lenic','Ulica','12','Novi Sad','Fizicko',3456789012);
Insert into S18399.KORISNIK (JMBG,IME,PREZIME,ADRESA,BROJ,GRAD,TIP_KORISNIKA,KOM_CVOR) values (4567890123499,'Marko','Markovic','Ulica','13','Novi Sad','Fizicko',3456789012);
Insert into S18399.KORISNIK (JMBG,IME,PREZIME,ADRESA,BROJ,GRAD,TIP_KORISNIKA,KOM_CVOR) values (5678901234599,'Nina','Ninic','Ulica','14','Novi Sad','Pravno',3456789012);
Insert into S18399.KORISNIK (JMBG,IME,PREZIME,ADRESA,BROJ,GRAD,TIP_KORISNIKA,KOM_CVOR) values (6789012555678,'Olga','Olgic','Ulica','15','Novi Sad','Pravno',567890123);
Insert into S18399.KORISNIK (JMBG,IME,PREZIME,ADRESA,BROJ,GRAD,TIP_KORISNIKA,KOM_CVOR) values (7890129556789,'Petar','Petrovic','Ulica','16','Novi Sad','Pravno',567890123);
Insert into S18399.KORISNIK (JMBG,IME,PREZIME,ADRESA,BROJ,GRAD,TIP_KORISNIKA,KOM_CVOR) values (8903234557890,'Qwerty','Qwertyic','Ulica','17','Novi Sad','Pravno',567890123);
Insert into S18399.KORISNIK (JMBG,IME,PREZIME,ADRESA,BROJ,GRAD,TIP_KORISNIKA,KOM_CVOR) values (9012365448901,'Rade','Radic','Ulica','18','Novi Sad','Pravno',567890123);
Insert into S18399.KORISNIK (JMBG,IME,PREZIME,ADRESA,BROJ,GRAD,TIP_KORISNIKA,KOM_CVOR) values (5674901554560,'Nina','Ninic','Ulica','14','Novi Sad','Fizicko ',567890123);
Insert into S18399.KORISNIK (JMBG,IME,PREZIME,ADRESA,BROJ,GRAD,TIP_KORISNIKA,KOM_CVOR) values (1112211111156,'Ana','Markovic','Trg Dositeja','6','Novi Sad','Pravno',678901234);
Insert into S18399.KORISNIK (JMBG,IME,PREZIME,ADRESA,BROJ,GRAD,TIP_KORISNIKA,KOM_CVOR) values (2222224682256,'Jovan','Jovanovic','Bulevar Nikole','15','Novi Sad','Pravno',678901234);
Insert into S18399.KORISNIK (JMBG,IME,PREZIME,ADRESA,BROJ,GRAD,TIP_KORISNIKA,KOM_CVOR) values (3333333333756,'Marija','Popovic','Cara Lazara','10','Novi Sad','Fizicko',678901234);
Insert into S18399.KORISNIK (JMBG,IME,PREZIME,ADRESA,BROJ,GRAD,TIP_KORISNIKA,KOM_CVOR) values (4444444444256,'Petar','Petkovic','Ive Andrica','21','Novi Sad','Pravno',678901234);
Insert into S18399.KORISNIK (JMBG,IME,PREZIME,ADRESA,BROJ,GRAD,TIP_KORISNIKA,KOM_CVOR) values (1955555555587,'Sara','Saric','Bulevar Oslobo?enja','2','Novi Sad','Pravno',678901234);
Insert into S18399.KORISNIK (JMBG,IME,PREZIME,ADRESA,BROJ,GRAD,TIP_KORISNIKA,KOM_CVOR) values (6226634666666,'Filip','Filipovic','Kneza Milosa','15','Novi Sad','Fizicko',789012345);
Insert into S18399.KORISNIK (JMBG,IME,PREZIME,ADRESA,BROJ,GRAD,TIP_KORISNIKA,KOM_CVOR) values (7227776877777,'Milan','Milanovic','Milesevska','5','Novi Sad','Fizicko',789012345);
Insert into S18399.KORISNIK (JMBG,IME,PREZIME,ADRESA,BROJ,GRAD,TIP_KORISNIKA,KOM_CVOR) values (8822883688888,'Nina','Ninic','Bulevar Vojvode','20','Novi Sad','Pravno',789012345);
Insert into S18399.KORISNIK (JMBG,IME,PREZIME,ADRESA,BROJ,GRAD,TIP_KORISNIKA,KOM_CVOR) values (9922996799999,'Ivan','Ivanovic','Jovana Cvijica','12','Novi Sad','Pravno',789012345);
Insert into S18399.KORISNIK (JMBG,IME,PREZIME,ADRESA,BROJ,GRAD,TIP_KORISNIKA,KOM_CVOR) values (1022102210101,'Lena','Lenic','Kralja Petra','22','Novi Sad','Fizicko',789012345);
Insert into S18399.KORISNIK (JMBG,IME,PREZIME,ADRESA,BROJ,GRAD,TIP_KORISNIKA,KOM_CVOR) values (1134564690123,'Ana','Ivanovic','Kneza Milosa','15','Novi Sad','Fizicko lice',556677889);
Insert into S18399.KORISNIK (JMBG,IME,PREZIME,ADRESA,BROJ,GRAD,TIP_KORISNIKA,KOM_CVOR) values (1145674601234,'Marko','Milic','Vojvode Stepe','45','Novi Sad','Fizicko lice',556677889);
Insert into S18399.KORISNIK (JMBG,IME,PREZIME,ADRESA,BROJ,GRAD,TIP_KORISNIKA,KOM_CVOR) values (1156784612345,'Jovana','Kovacevic','Cara Lazara','10','Novi Sad','Fizicko lice',556677889);
Insert into S18399.KORISNIK (JMBG,IME,PREZIME,ADRESA,BROJ,GRAD,TIP_KORISNIKA,KOM_CVOR) values (1167894623456,'Nikola','Jankovic','Krunska','33','Kragujevac','Fizicko lice',556677889);
Insert into S18399.KORISNIK (JMBG,IME,PREZIME,ADRESA,BROJ,GRAD,TIP_KORISNIKA,KOM_CVOR) values (1178904634567,'Milica','Stankovic','Mije Kovacevica','7','Kragujevac','Fizicko lice',556677889);
Insert into S18399.KORISNIK (JMBG,IME,PREZIME,ADRESA,BROJ,GRAD,TIP_KORISNIKA,KOM_CVOR) values (2289012324678,'Luka','Popovic','Nemanjina','20','Kragujevac','Fizicko lice',778899001);
Insert into S18399.KORISNIK (JMBG,IME,PREZIME,ADRESA,BROJ,GRAD,TIP_KORISNIKA,KOM_CVOR) values (2290123424789,'Sanja','Ristic','Kralja Petra','8','Kragujevac','Fizicko lice',778899001);
Insert into S18399.KORISNIK (JMBG,IME,PREZIME,ADRESA,BROJ,GRAD,TIP_KORISNIKA,KOM_CVOR) values (2201234524890,'Mihajlo','Mladenovic','Kneza Milosa','22','Kragujevac','Fizicko lice',778899001);
Insert into S18399.KORISNIK (JMBG,IME,PREZIME,ADRESA,BROJ,GRAD,TIP_KORISNIKA,KOM_CVOR) values (2212345624901,'Jelena','Vukovic','Cara Urosa','5','Kragujevac','Fizicko lice',778899001);
Insert into S18399.KORISNIK (JMBG,IME,PREZIME,ADRESA,BROJ,GRAD,TIP_KORISNIKA,KOM_CVOR) values (1222334424667,'Predrag','Jovanovic','Kralja Petra','10','Kragujevac','Fizicko lice',778899001);
Insert into S18399.KORISNIK (JMBG,IME,PREZIME,ADRESA,BROJ,GRAD,TIP_KORISNIKA,KOM_CVOR) values (68445566778,'Sofija','Petrovic','Narodnog Fronta','1','Kragujevac','Fizicko lice',889900112);
Insert into S18399.KORISNIK (JMBG,IME,PREZIME,ADRESA,BROJ,GRAD,TIP_KORISNIKA,KOM_CVOR) values (68556677889,'Igor','Kovacevic','Knez Mihajlova','30','Kragujevac','Pravno lice',889900112);
Insert into S18399.KORISNIK (JMBG,IME,PREZIME,ADRESA,BROJ,GRAD,TIP_KORISNIKA,KOM_CVOR) values (3368667788990,'Petar','Milosevic','Vojvode Misica','5','Kragujevac','Fizicko lice',889900112);
Insert into S18399.KORISNIK (JMBG,IME,PREZIME,ADRESA,BROJ,GRAD,TIP_KORISNIKA,KOM_CVOR) values (5368778899001,'Marija','Lukic','Bulevar Oslobodjenja','14','Kragujevac','Pravno lice',889900112);
Insert into S18399.KORISNIK (JMBG,IME,PREZIME,ADRESA,BROJ,GRAD,TIP_KORISNIKA,KOM_CVOR) values (6368889900112,'Ivana','Djokic','Bulevar Mihajla','23','Kragujevac','Fizicko lice',889900112);
Insert into S18399.KORISNIK (JMBG,IME,PREZIME,ADRESA,BROJ,GRAD,TIP_KORISNIKA,KOM_CVOR) values (4488990361220,'Aleksandar','Savic','Cara Dusana','12','Kragujevac','Fizicko lice',990011223);
Insert into S18399.KORISNIK (JMBG,IME,PREZIME,ADRESA,BROJ,GRAD,TIP_KORISNIKA,KOM_CVOR) values (4411111361111,'Ana','Anic','Ulica','1','Kragujevac','Pravno',990011223);
Insert into S18399.KORISNIK (JMBG,IME,PREZIME,ADRESA,BROJ,GRAD,TIP_KORISNIKA,KOM_CVOR) values (4422222362222,'Boris','Boric','Ulica','2','Kragujevac','Pravno',990011223);
Insert into S18399.KORISNIK (JMBG,IME,PREZIME,ADRESA,BROJ,GRAD,TIP_KORISNIKA,KOM_CVOR) values (4433333663333,'Ceca','Cecic','Ulica','3','Kragujevac','Pravno',990011223);
Insert into S18399.KORISNIK (JMBG,IME,PREZIME,ADRESA,BROJ,GRAD,TIP_KORISNIKA,KOM_CVOR) values (4554444364444,'Danilo','Danilovic','Ulica','4','Kragujevac','Pravno',990011223);
Insert into S18399.KORISNIK (JMBG,IME,PREZIME,ADRESA,BROJ,GRAD,TIP_KORISNIKA,KOM_CVOR) values (1155555365555,'Elena','Elenic','Ulica','5','Kragujevac','Fizicko',100123456);
Insert into S18399.KORISNIK (JMBG,IME,PREZIME,ADRESA,BROJ,GRAD,TIP_KORISNIKA,KOM_CVOR) values (1166666476666,'Filip','Filipovic','Ulica','6','Kragujevac','Pravno',100123456);
Insert into S18399.KORISNIK (JMBG,IME,PREZIME,ADRESA,BROJ,GRAD,TIP_KORISNIKA,KOM_CVOR) values (5577777587777,'Goran','Goranic','Ulica','7','Kragujevac','Fizicko ',100123456);
Insert into S18399.KORISNIK (JMBG,IME,PREZIME,ADRESA,BROJ,GRAD,TIP_KORISNIKA,KOM_CVOR) values (6688888468888,'Hana','Hanic','Ulica','8','Kragujevac','Pravno',100123456);
Insert into S18399.KORISNIK (JMBG,IME,PREZIME,ADRESA,BROJ,GRAD,TIP_KORISNIKA,KOM_CVOR) values (4299999359999,'Ivan','Ivanic','Ulica','9','Kragujevac','Pravno',100123456);
Insert into S18399.KORISNIK (JMBG,IME,PREZIME,ADRESA,BROJ,GRAD,TIP_KORISNIKA,KOM_CVOR) values (1234561590199,'Jovana','Jovanovic','Ulica','10','Kragujevac','Pravno',111234567);
Insert into S18399.KORISNIK (JMBG,IME,PREZIME,ADRESA,BROJ,GRAD,TIP_KORISNIKA,KOM_CVOR) values (2345671501299,'Kosta','Kostic','Ulica','11','Kragujevac','Pravno',111234567);
Insert into S18399.KORISNIK (JMBG,IME,PREZIME,ADRESA,BROJ,GRAD,TIP_KORISNIKA,KOM_CVOR) values (3456781512349,'Lena','Lenic','Ulica','12','Kragujevac','Fizicko',111234567);
Insert into S18399.KORISNIK (JMBG,IME,PREZIME,ADRESA,BROJ,GRAD,TIP_KORISNIKA,KOM_CVOR) values (4567891523499,'Marko','Markovic','Ulica','13','Kragujevac','Fizicko',111234567);
Insert into S18399.KORISNIK (JMBG,IME,PREZIME,ADRESA,BROJ,GRAD,TIP_KORISNIKA,KOM_CVOR) values (5678901534599,'Nina','Ninic','Ulica','14','Kragujevac','Pravno',111234567);
Insert into S18399.KORISNIK (JMBG,IME,PREZIME,ADRESA,BROJ,GRAD,TIP_KORISNIKA,KOM_CVOR) values (6789012555878,'Olga','Olgic','Ulica','15','Kragujevac','Pravno',222345678);
Insert into S18399.KORISNIK (JMBG,IME,PREZIME,ADRESA,BROJ,GRAD,TIP_KORISNIKA,KOM_CVOR) values (7890129555889,'Petar','Petrovic','Ulica','16','Kragujevac','Pravno',222345678);
Insert into S18399.KORISNIK (JMBG,IME,PREZIME,ADRESA,BROJ,GRAD,TIP_KORISNIKA,KOM_CVOR) values (8903234555890,'Qwerty','Qwertyic','Ulica','17','Kragujevac','Pravno',222345678);
Insert into S18399.KORISNIK (JMBG,IME,PREZIME,ADRESA,BROJ,GRAD,TIP_KORISNIKA,KOM_CVOR) values (9012365445801,'Rade','Radic','Ulica','18','Kragujevac','Pravno',222345678);
Insert into S18399.KORISNIK (JMBG,IME,PREZIME,ADRESA,BROJ,GRAD,TIP_KORISNIKA,KOM_CVOR) values (5674901555860,'Nina','Ninic','Ulica','14','Kragujevac','Fizicko ',222345678);
Insert into S18399.KORISNIK (JMBG,IME,PREZIME,ADRESA,BROJ,GRAD,TIP_KORISNIKA,KOM_CVOR) values (1112211991156,'Ana','Markovic','Trg Dositeja','6','Kragujevac','Pravno',333456789);
Insert into S18399.KORISNIK (JMBG,IME,PREZIME,ADRESA,BROJ,GRAD,TIP_KORISNIKA,KOM_CVOR) values (2222224992256,'Jovan','Jovanovic','Bulevar Nikole','15','Kragujevac','Pravno',333456789);
Insert into S18399.KORISNIK (JMBG,IME,PREZIME,ADRESA,BROJ,GRAD,TIP_KORISNIKA,KOM_CVOR) values (3333333993756,'Marija','Popovic','Cara Lazara','10','Kragujevac','Fizicko',333456789);
Insert into S18399.KORISNIK (JMBG,IME,PREZIME,ADRESA,BROJ,GRAD,TIP_KORISNIKA,KOM_CVOR) values (4444444994256,'Petar','Petkovic','Ive Andrica','21','Kragujevac','Pravno',333456789);
Insert into S18399.KORISNIK (JMBG,IME,PREZIME,ADRESA,BROJ,GRAD,TIP_KORISNIKA,KOM_CVOR) values (1955555995587,'Sara','Saric','Bulevar Oslobo?enja','2','Kragujevac','Pravno',333456789);
Insert into S18399.KORISNIK (JMBG,IME,PREZIME,ADRESA,BROJ,GRAD,TIP_KORISNIKA,KOM_CVOR) values (6226634660066,'Filip','Filipovic','Kneza Milosa','15','Kragujevac','Fizicko',123459);
Insert into S18399.KORISNIK (JMBG,IME,PREZIME,ADRESA,BROJ,GRAD,TIP_KORISNIKA,KOM_CVOR) values (7227776870077,'Milan','Milanovic','Milesevska','5','Kragujevac','Fizicko',123459);
Insert into S18399.KORISNIK (JMBG,IME,PREZIME,ADRESA,BROJ,GRAD,TIP_KORISNIKA,KOM_CVOR) values (8822883680088,'Nina','Ninic','Bulevar Vojvode','20','Kragujevac','Pravno',123459);
Insert into S18399.KORISNIK (JMBG,IME,PREZIME,ADRESA,BROJ,GRAD,TIP_KORISNIKA,KOM_CVOR) values (9922996790099,'Ivan','Ivanovic','Jovana Cvijica','12','Kragujevac','Pravno',123459);
Insert into S18399.KORISNIK (JMBG,IME,PREZIME,ADRESA,BROJ,GRAD,TIP_KORISNIKA,KOM_CVOR) values (1022102210001,'Lena','Lenic','Kralja Petra','22','Kragujevac','Fizicko',123459);
REM INSERTING into S18399.KORISTI
SET DEFINE OFF;
Insert into S18399.KORISTI (ID,JMBG_KORISNIKA,ID_USLUGE) values (1,1234567890123,1);
Insert into S18399.KORISTI (ID,JMBG_KORISNIKA,ID_USLUGE) values (2,1234567890123,4);
Insert into S18399.KORISTI (ID,JMBG_KORISNIKA,ID_USLUGE) values (3,1234567890123,6);
Insert into S18399.KORISTI (ID,JMBG_KORISNIKA,ID_USLUGE) values (4,2345678901234,2);
Insert into S18399.KORISTI (ID,JMBG_KORISNIKA,ID_USLUGE) values (5,2345678901234,7);
Insert into S18399.KORISTI (ID,JMBG_KORISNIKA,ID_USLUGE) values (6,2345678901234,3);
Insert into S18399.KORISTI (ID,JMBG_KORISNIKA,ID_USLUGE) values (7,3456789012345,3);
Insert into S18399.KORISTI (ID,JMBG_KORISNIKA,ID_USLUGE) values (8,4567890123456,4);
Insert into S18399.KORISTI (ID,JMBG_KORISNIKA,ID_USLUGE) values (9,5678901234567,4);
Insert into S18399.KORISTI (ID,JMBG_KORISNIKA,ID_USLUGE) values (10,6789012345678,4);
Insert into S18399.KORISTI (ID,JMBG_KORISNIKA,ID_USLUGE) values (11,7890123456789,5);
Insert into S18399.KORISTI (ID,JMBG_KORISNIKA,ID_USLUGE) values (12,8901234567890,5);
Insert into S18399.KORISTI (ID,JMBG_KORISNIKA,ID_USLUGE) values (13,8901234567890,7);
Insert into S18399.KORISTI (ID,JMBG_KORISNIKA,ID_USLUGE) values (14,8901234567890,1);
Insert into S18399.KORISTI (ID,JMBG_KORISNIKA,ID_USLUGE) values (15,9012345678901,6);
Insert into S18399.KORISTI (ID,JMBG_KORISNIKA,ID_USLUGE) values (16,9012345678901,3);
Insert into S18399.KORISTI (ID,JMBG_KORISNIKA,ID_USLUGE) values (17,9012345678901,2);
Insert into S18399.KORISTI (ID,JMBG_KORISNIKA,ID_USLUGE) values (18,1122334455667,6);
Insert into S18399.KORISTI (ID,JMBG_KORISNIKA,ID_USLUGE) values (19,2233445566778,7);
Insert into S18399.KORISTI (ID,JMBG_KORISNIKA,ID_USLUGE) values (20,2233445566778,4);
Insert into S18399.KORISTI (ID,JMBG_KORISNIKA,ID_USLUGE) values (21,2233445566778,2);
Insert into S18399.KORISTI (ID,JMBG_KORISNIKA,ID_USLUGE) values (22,3344556677889,1);
Insert into S18399.KORISTI (ID,JMBG_KORISNIKA,ID_USLUGE) values (23,4455667788990,2);
Insert into S18399.KORISTI (ID,JMBG_KORISNIKA,ID_USLUGE) values (24,5566778899001,1);
Insert into S18399.KORISTI (ID,JMBG_KORISNIKA,ID_USLUGE) values (25,6677889900112,1);
Insert into S18399.KORISTI (ID,JMBG_KORISNIKA,ID_USLUGE) values (26,7788990011223,3);
Insert into S18399.KORISTI (ID,JMBG_KORISNIKA,ID_USLUGE) values (27,1111111111111,5);
Insert into S18399.KORISTI (ID,JMBG_KORISNIKA,ID_USLUGE) values (28,2222222222222,6);
Insert into S18399.KORISTI (ID,JMBG_KORISNIKA,ID_USLUGE) values (29,3333333333333,7);
Insert into S18399.KORISTI (ID,JMBG_KORISNIKA,ID_USLUGE) values (30,4444444444444,7);
Insert into S18399.KORISTI (ID,JMBG_KORISNIKA,ID_USLUGE) values (31,7788990011220,7);
Insert into S18399.KORISTI (ID,JMBG_KORISNIKA,ID_USLUGE) values (32,5555555555555,3);
Insert into S18399.KORISTI (ID,JMBG_KORISNIKA,ID_USLUGE) values (33,6666666666666,2);
Insert into S18399.KORISTI (ID,JMBG_KORISNIKA,ID_USLUGE) values (34,7777777777777,2);
Insert into S18399.KORISTI (ID,JMBG_KORISNIKA,ID_USLUGE) values (35,8888888888888,4);
Insert into S18399.KORISTI (ID,JMBG_KORISNIKA,ID_USLUGE) values (36,9999999999999,6);
Insert into S18399.KORISTI (ID,JMBG_KORISNIKA,ID_USLUGE) values (37,1234567890120,5);
Insert into S18399.KORISTI (ID,JMBG_KORISNIKA,ID_USLUGE) values (38,2345678901230,3);
Insert into S18399.KORISTI (ID,JMBG_KORISNIKA,ID_USLUGE) values (39,3456789012340,1);
Insert into S18399.KORISTI (ID,JMBG_KORISNIKA,ID_USLUGE) values (40,4567890123450,3);
Insert into S18399.KORISTI (ID,JMBG_KORISNIKA,ID_USLUGE) values (41,5678901234560,4);
Insert into S18399.KORISTI (ID,JMBG_KORISNIKA,ID_USLUGE) values (42,5678991234560,5);
Insert into S18399.KORISTI (ID,JMBG_KORISNIKA,ID_USLUGE) values (43,6789012745678,6);
Insert into S18399.KORISTI (ID,JMBG_KORISNIKA,ID_USLUGE) values (44,7890129456789,7);
Insert into S18399.KORISTI (ID,JMBG_KORISNIKA,ID_USLUGE) values (45,8903234567890,7);
Insert into S18399.KORISTI (ID,JMBG_KORISNIKA,ID_USLUGE) values (46,9012365678901,6);
Insert into S18399.KORISTI (ID,JMBG_KORISNIKA,ID_USLUGE) values (47,5674901234560,5);
Insert into S18399.KORISTI (ID,JMBG_KORISNIKA,ID_USLUGE) values (48,5674901234560,2);
Insert into S18399.KORISTI (ID,JMBG_KORISNIKA,ID_USLUGE) values (49,6666634666666,4);
Insert into S18399.KORISTI (ID,JMBG_KORISNIKA,ID_USLUGE) values (50,8888883688888,4);
Insert into S18399.KORISTI (ID,JMBG_KORISNIKA,ID_USLUGE) values (51,9999996799999,3);
Insert into S18399.KORISTI (ID,JMBG_KORISNIKA,ID_USLUGE) values (52,1010102210101,2);
Insert into S18399.KORISTI (ID,JMBG_KORISNIKA,ID_USLUGE) values (53,7777776877777,3);
Insert into S18399.KORISTI (ID,JMBG_KORISNIKA,ID_USLUGE) values (54,1134567890123,2);
Insert into S18399.KORISTI (ID,JMBG_KORISNIKA,ID_USLUGE) values (55,1145678901234,1);
Insert into S18399.KORISTI (ID,JMBG_KORISNIKA,ID_USLUGE) values (56,1156789012345,2);
Insert into S18399.KORISTI (ID,JMBG_KORISNIKA,ID_USLUGE) values (57,1167890123456,3);
Insert into S18399.KORISTI (ID,JMBG_KORISNIKA,ID_USLUGE) values (58,1178901234567,3);
Insert into S18399.KORISTI (ID,JMBG_KORISNIKA,ID_USLUGE) values (59,2289012345678,4);
Insert into S18399.KORISTI (ID,JMBG_KORISNIKA,ID_USLUGE) values (60,2290123456789,5);
Insert into S18399.KORISTI (ID,JMBG_KORISNIKA,ID_USLUGE) values (61,2201234567890,6);
Insert into S18399.KORISTI (ID,JMBG_KORISNIKA,ID_USLUGE) values (62,2212345678901,7);
Insert into S18399.KORISTI (ID,JMBG_KORISNIKA,ID_USLUGE) values (63,1222334455667,6);
Insert into S18399.KORISTI (ID,JMBG_KORISNIKA,ID_USLUGE) values (64,33445566778,6);
Insert into S18399.KORISTI (ID,JMBG_KORISNIKA,ID_USLUGE) values (65,3355667788990,5);
Insert into S18399.KORISTI (ID,JMBG_KORISNIKA,ID_USLUGE) values (66,5366778899001,5);
Insert into S18399.KORISTI (ID,JMBG_KORISNIKA,ID_USLUGE) values (67,6377889900112,2);
Insert into S18399.KORISTI (ID,JMBG_KORISNIKA,ID_USLUGE) values (68,4488990011220,3);
Insert into S18399.KORISTI (ID,JMBG_KORISNIKA,ID_USLUGE) values (69,4411111111111,4);
Insert into S18399.KORISTI (ID,JMBG_KORISNIKA,ID_USLUGE) values (70,4422222222222,5);
Insert into S18399.KORISTI (ID,JMBG_KORISNIKA,ID_USLUGE) values (71,4433333333333,6);
Insert into S18399.KORISTI (ID,JMBG_KORISNIKA,ID_USLUGE) values (72,4554444444444,7);
Insert into S18399.KORISTI (ID,JMBG_KORISNIKA,ID_USLUGE) values (73,1155555555555,2);
Insert into S18399.KORISTI (ID,JMBG_KORISNIKA,ID_USLUGE) values (74,1166666666666,2);
Insert into S18399.KORISTI (ID,JMBG_KORISNIKA,ID_USLUGE) values (75,5577777777777,3);
Insert into S18399.KORISTI (ID,JMBG_KORISNIKA,ID_USLUGE) values (76,6688888888888,3);
Insert into S18399.KORISTI (ID,JMBG_KORISNIKA,ID_USLUGE) values (77,4299999999999,3);
Insert into S18399.KORISTI (ID,JMBG_KORISNIKA,ID_USLUGE) values (78,1234567890199,1);
Insert into S18399.KORISTI (ID,JMBG_KORISNIKA,ID_USLUGE) values (79,2345678901299,3);
Insert into S18399.KORISTI (ID,JMBG_KORISNIKA,ID_USLUGE) values (80,3456789012349,4);
Insert into S18399.KORISTI (ID,JMBG_KORISNIKA,ID_USLUGE) values (81,4567890123499,4);
Insert into S18399.KORISTI (ID,JMBG_KORISNIKA,ID_USLUGE) values (82,5678901234599,4);
Insert into S18399.KORISTI (ID,JMBG_KORISNIKA,ID_USLUGE) values (83,6789012555678,5);
Insert into S18399.KORISTI (ID,JMBG_KORISNIKA,ID_USLUGE) values (84,7890129556789,5);
Insert into S18399.KORISTI (ID,JMBG_KORISNIKA,ID_USLUGE) values (85,8903234557890,6);
Insert into S18399.KORISTI (ID,JMBG_KORISNIKA,ID_USLUGE) values (86,9012365448901,6);
Insert into S18399.KORISTI (ID,JMBG_KORISNIKA,ID_USLUGE) values (87,5674901554560,3);
Insert into S18399.KORISTI (ID,JMBG_KORISNIKA,ID_USLUGE) values (88,1112211111156,4);
Insert into S18399.KORISTI (ID,JMBG_KORISNIKA,ID_USLUGE) values (89,2222224682256,5);
Insert into S18399.KORISTI (ID,JMBG_KORISNIKA,ID_USLUGE) values (90,3333333333756,3);
Insert into S18399.KORISTI (ID,JMBG_KORISNIKA,ID_USLUGE) values (91,4444444444256,4);
Insert into S18399.KORISTI (ID,JMBG_KORISNIKA,ID_USLUGE) values (92,1955555555587,4);
Insert into S18399.KORISTI (ID,JMBG_KORISNIKA,ID_USLUGE) values (93,6226634666666,2);
Insert into S18399.KORISTI (ID,JMBG_KORISNIKA,ID_USLUGE) values (94,7227776877777,4);
Insert into S18399.KORISTI (ID,JMBG_KORISNIKA,ID_USLUGE) values (95,8822883688888,1);
Insert into S18399.KORISTI (ID,JMBG_KORISNIKA,ID_USLUGE) values (96,9922996799999,1);
Insert into S18399.KORISTI (ID,JMBG_KORISNIKA,ID_USLUGE) values (97,1022102210101,1);
Insert into S18399.KORISTI (ID,JMBG_KORISNIKA,ID_USLUGE) values (98,1134564690123,7);
Insert into S18399.KORISTI (ID,JMBG_KORISNIKA,ID_USLUGE) values (99,1145674601234,7);
Insert into S18399.KORISTI (ID,JMBG_KORISNIKA,ID_USLUGE) values (100,1156784612345,7);
Insert into S18399.KORISTI (ID,JMBG_KORISNIKA,ID_USLUGE) values (101,1167894623456,6);
Insert into S18399.KORISTI (ID,JMBG_KORISNIKA,ID_USLUGE) values (102,1178904634567,2);
Insert into S18399.KORISTI (ID,JMBG_KORISNIKA,ID_USLUGE) values (103,2289012324678,3);
Insert into S18399.KORISTI (ID,JMBG_KORISNIKA,ID_USLUGE) values (104,2290123424789,3);
Insert into S18399.KORISTI (ID,JMBG_KORISNIKA,ID_USLUGE) values (105,2201234524890,4);
Insert into S18399.KORISTI (ID,JMBG_KORISNIKA,ID_USLUGE) values (106,2212345624901,5);
Insert into S18399.KORISTI (ID,JMBG_KORISNIKA,ID_USLUGE) values (107,1222334424667,4);
Insert into S18399.KORISTI (ID,JMBG_KORISNIKA,ID_USLUGE) values (108,68445566778,6);
Insert into S18399.KORISTI (ID,JMBG_KORISNIKA,ID_USLUGE) values (109,68556677889,1);
Insert into S18399.KORISTI (ID,JMBG_KORISNIKA,ID_USLUGE) values (110,3368667788990,2);
Insert into S18399.KORISTI (ID,JMBG_KORISNIKA,ID_USLUGE) values (111,5368778899001,7);
Insert into S18399.KORISTI (ID,JMBG_KORISNIKA,ID_USLUGE) values (112,6368889900112,6);
Insert into S18399.KORISTI (ID,JMBG_KORISNIKA,ID_USLUGE) values (113,4488990361220,4);
Insert into S18399.KORISTI (ID,JMBG_KORISNIKA,ID_USLUGE) values (114,4411111361111,2);
Insert into S18399.KORISTI (ID,JMBG_KORISNIKA,ID_USLUGE) values (115,4422222362222,2);
Insert into S18399.KORISTI (ID,JMBG_KORISNIKA,ID_USLUGE) values (116,4433333663333,1);
Insert into S18399.KORISTI (ID,JMBG_KORISNIKA,ID_USLUGE) values (117,4554444364444,7);
Insert into S18399.KORISTI (ID,JMBG_KORISNIKA,ID_USLUGE) values (118,1155555365555,7);
Insert into S18399.KORISTI (ID,JMBG_KORISNIKA,ID_USLUGE) values (119,1166666476666,5);
Insert into S18399.KORISTI (ID,JMBG_KORISNIKA,ID_USLUGE) values (120,5577777587777,5);
Insert into S18399.KORISTI (ID,JMBG_KORISNIKA,ID_USLUGE) values (121,6688888468888,4);
Insert into S18399.KORISTI (ID,JMBG_KORISNIKA,ID_USLUGE) values (122,4299999359999,3);
Insert into S18399.KORISTI (ID,JMBG_KORISNIKA,ID_USLUGE) values (123,1234561590199,1);
Insert into S18399.KORISTI (ID,JMBG_KORISNIKA,ID_USLUGE) values (124,2345671501299,2);
Insert into S18399.KORISTI (ID,JMBG_KORISNIKA,ID_USLUGE) values (125,3456781512349,3);
Insert into S18399.KORISTI (ID,JMBG_KORISNIKA,ID_USLUGE) values (126,4567891523499,3);
Insert into S18399.KORISTI (ID,JMBG_KORISNIKA,ID_USLUGE) values (127,5678901534599,4);
Insert into S18399.KORISTI (ID,JMBG_KORISNIKA,ID_USLUGE) values (128,6789012555878,5);
Insert into S18399.KORISTI (ID,JMBG_KORISNIKA,ID_USLUGE) values (129,7890129555889,6);
Insert into S18399.KORISTI (ID,JMBG_KORISNIKA,ID_USLUGE) values (130,8903234555890,6);
Insert into S18399.KORISTI (ID,JMBG_KORISNIKA,ID_USLUGE) values (131,9012365445801,7);
Insert into S18399.KORISTI (ID,JMBG_KORISNIKA,ID_USLUGE) values (132,5674901555860,7);
Insert into S18399.KORISTI (ID,JMBG_KORISNIKA,ID_USLUGE) values (133,1112211991156,1);
Insert into S18399.KORISTI (ID,JMBG_KORISNIKA,ID_USLUGE) values (134,2222224992256,2);
Insert into S18399.KORISTI (ID,JMBG_KORISNIKA,ID_USLUGE) values (135,3333333993756,3);
Insert into S18399.KORISTI (ID,JMBG_KORISNIKA,ID_USLUGE) values (136,4444444994256,3);
Insert into S18399.KORISTI (ID,JMBG_KORISNIKA,ID_USLUGE) values (137,1955555995587,4);
Insert into S18399.KORISTI (ID,JMBG_KORISNIKA,ID_USLUGE) values (138,6226634660066,5);
Insert into S18399.KORISTI (ID,JMBG_KORISNIKA,ID_USLUGE) values (139,7227776870077,6);
Insert into S18399.KORISTI (ID,JMBG_KORISNIKA,ID_USLUGE) values (140,8822883680088,5);
Insert into S18399.KORISTI (ID,JMBG_KORISNIKA,ID_USLUGE) values (141,9922996790099,6);
Insert into S18399.KORISTI (ID,JMBG_KORISNIKA,ID_USLUGE) values (142,1022102210001,7);

REM INSERTING into S18399.OSTVAREN_PROTOK
SET DEFINE OFF;
Insert into S18399.OSTVAREN_PROTOK (ID_PLACANJA,KOLICINA_OSTAVRENOG_PROTOKA) values (1,3560);
REM INSERTING into S18399.PLACANJE
SET DEFINE OFF;
Insert into S18399.PLACANJE (ID,TIP_PLACANJA) values (1,'Ostvareni protok');
Insert into S18399.PLACANJE (ID,TIP_PLACANJA) values (2,'Flat rate');
Insert into S18399.PLACANJE (ID,TIP_PLACANJA) values (3,'Flat rate');
REM INSERTING into S18399.PRAVNA_LICA
SET DEFINE OFF;
Insert into S18399.PRAVNA_LICA (JMBG,IME_KONTAKT_OSOBE,BROJ_FAKSA,PORESKI_IDENTIFIKACIONI_BROJ) values (3344556677889,'Marko Markovic',12345678,123456789);
Insert into S18399.PRAVNA_LICA (JMBG,IME_KONTAKT_OSOBE,BROJ_FAKSA,PORESKI_IDENTIFIKACIONI_BROJ) values (5566778899001,'Ana Petrovic',23456789,234567890);
Insert into S18399.PRAVNA_LICA (JMBG,IME_KONTAKT_OSOBE,BROJ_FAKSA,PORESKI_IDENTIFIKACIONI_BROJ) values (1111111111111,'Jovan Jovanovic',34567890,345678901);
Insert into S18399.PRAVNA_LICA (JMBG,IME_KONTAKT_OSOBE,BROJ_FAKSA,PORESKI_IDENTIFIKACIONI_BROJ) values (2222222222222,'Ivana Ivic',null,456789012);
Insert into S18399.PRAVNA_LICA (JMBG,IME_KONTAKT_OSOBE,BROJ_FAKSA,PORESKI_IDENTIFIKACIONI_BROJ) values (3333333333333,'Miroslav Milic',56789012,567890123);
Insert into S18399.PRAVNA_LICA (JMBG,IME_KONTAKT_OSOBE,BROJ_FAKSA,PORESKI_IDENTIFIKACIONI_BROJ) values (4444444444444,'Marko Markovic',12345678,123456789);
Insert into S18399.PRAVNA_LICA (JMBG,IME_KONTAKT_OSOBE,BROJ_FAKSA,PORESKI_IDENTIFIKACIONI_BROJ) values (6666666666666,'Ana Petrovic',23456789,234567890);
Insert into S18399.PRAVNA_LICA (JMBG,IME_KONTAKT_OSOBE,BROJ_FAKSA,PORESKI_IDENTIFIKACIONI_BROJ) values (8888888888888,'Jovan Jovanovic',34567890,345678901);
Insert into S18399.PRAVNA_LICA (JMBG,IME_KONTAKT_OSOBE,BROJ_FAKSA,PORESKI_IDENTIFIKACIONI_BROJ) values (9999999999999,'Ivana Ivic',null,456789012);
Insert into S18399.PRAVNA_LICA (JMBG,IME_KONTAKT_OSOBE,BROJ_FAKSA,PORESKI_IDENTIFIKACIONI_BROJ) values (1234567890120,'Miroslav Milic',56789012,567890123);
Insert into S18399.PRAVNA_LICA (JMBG,IME_KONTAKT_OSOBE,BROJ_FAKSA,PORESKI_IDENTIFIKACIONI_BROJ) values (2345678901230,'Marko Markovic',12345678,123456789);
Insert into S18399.PRAVNA_LICA (JMBG,IME_KONTAKT_OSOBE,BROJ_FAKSA,PORESKI_IDENTIFIKACIONI_BROJ) values (5678901234560,'Ana Petrovic',23456789,234567890);
Insert into S18399.PRAVNA_LICA (JMBG,IME_KONTAKT_OSOBE,BROJ_FAKSA,PORESKI_IDENTIFIKACIONI_BROJ) values (6789012745678,'Jovan Jovanovic',34567890,345678901);
Insert into S18399.PRAVNA_LICA (JMBG,IME_KONTAKT_OSOBE,BROJ_FAKSA,PORESKI_IDENTIFIKACIONI_BROJ) values (7890129456789,'Ivana Ivic',null,456789012);
Insert into S18399.PRAVNA_LICA (JMBG,IME_KONTAKT_OSOBE,BROJ_FAKSA,PORESKI_IDENTIFIKACIONI_BROJ) values (8903234567890,'Miroslav Milic',56789012,567890123);
Insert into S18399.PRAVNA_LICA (JMBG,IME_KONTAKT_OSOBE,BROJ_FAKSA,PORESKI_IDENTIFIKACIONI_BROJ) values (9012365678901,'Marko Markovic',12345678,123456789);
Insert into S18399.PRAVNA_LICA (JMBG,IME_KONTAKT_OSOBE,BROJ_FAKSA,PORESKI_IDENTIFIKACIONI_BROJ) values (44556677889,'Marko Markovic',12345678,123456789);
Insert into S18399.PRAVNA_LICA (JMBG,IME_KONTAKT_OSOBE,BROJ_FAKSA,PORESKI_IDENTIFIKACIONI_BROJ) values (5366778899001,'Ana Petrovic',23456789,234567890);
Insert into S18399.PRAVNA_LICA (JMBG,IME_KONTAKT_OSOBE,BROJ_FAKSA,PORESKI_IDENTIFIKACIONI_BROJ) values (4411111111111,'Jovan Jovanovic',34567890,345678901);
Insert into S18399.PRAVNA_LICA (JMBG,IME_KONTAKT_OSOBE,BROJ_FAKSA,PORESKI_IDENTIFIKACIONI_BROJ) values (4422222222222,'Ivana Ivic',null,456789012);
Insert into S18399.PRAVNA_LICA (JMBG,IME_KONTAKT_OSOBE,BROJ_FAKSA,PORESKI_IDENTIFIKACIONI_BROJ) values (4433333333333,'Miroslav Milic',56789012,567890123);
Insert into S18399.PRAVNA_LICA (JMBG,IME_KONTAKT_OSOBE,BROJ_FAKSA,PORESKI_IDENTIFIKACIONI_BROJ) values (4554444444444,'Marko Markovic',12345678,123456789);
Insert into S18399.PRAVNA_LICA (JMBG,IME_KONTAKT_OSOBE,BROJ_FAKSA,PORESKI_IDENTIFIKACIONI_BROJ) values (1166666666666,'Ana Petrovic',23456789,234567890);
Insert into S18399.PRAVNA_LICA (JMBG,IME_KONTAKT_OSOBE,BROJ_FAKSA,PORESKI_IDENTIFIKACIONI_BROJ) values (6688888888888,'Jovan Jovanovic',34567890,345678901);
Insert into S18399.PRAVNA_LICA (JMBG,IME_KONTAKT_OSOBE,BROJ_FAKSA,PORESKI_IDENTIFIKACIONI_BROJ) values (4299999999999,'Ivana Ivic',null,456789012);
Insert into S18399.PRAVNA_LICA (JMBG,IME_KONTAKT_OSOBE,BROJ_FAKSA,PORESKI_IDENTIFIKACIONI_BROJ) values (1234567890199,'Miroslav Milic',56789012,567890123);
Insert into S18399.PRAVNA_LICA (JMBG,IME_KONTAKT_OSOBE,BROJ_FAKSA,PORESKI_IDENTIFIKACIONI_BROJ) values (2345678901299,'Marko Markovic',12345678,123456789);
Insert into S18399.PRAVNA_LICA (JMBG,IME_KONTAKT_OSOBE,BROJ_FAKSA,PORESKI_IDENTIFIKACIONI_BROJ) values (5678901234599,'Ana Petrovic',23456789,234567890);
Insert into S18399.PRAVNA_LICA (JMBG,IME_KONTAKT_OSOBE,BROJ_FAKSA,PORESKI_IDENTIFIKACIONI_BROJ) values (6789012555678,'Jovan Jovanovic',34567890,345678901);
Insert into S18399.PRAVNA_LICA (JMBG,IME_KONTAKT_OSOBE,BROJ_FAKSA,PORESKI_IDENTIFIKACIONI_BROJ) values (7890129556789,'Ivana Ivic',null,456789012);
Insert into S18399.PRAVNA_LICA (JMBG,IME_KONTAKT_OSOBE,BROJ_FAKSA,PORESKI_IDENTIFIKACIONI_BROJ) values (8903234557890,'Miroslav Milic',56789012,567890123);
Insert into S18399.PRAVNA_LICA (JMBG,IME_KONTAKT_OSOBE,BROJ_FAKSA,PORESKI_IDENTIFIKACIONI_BROJ) values (9012365448901,'Marko Markovic',12345678,123456789);
Insert into S18399.PRAVNA_LICA (JMBG,IME_KONTAKT_OSOBE,BROJ_FAKSA,PORESKI_IDENTIFIKACIONI_BROJ) values (1112211111156,'Ana Petrovic',23456789,234567890);
Insert into S18399.PRAVNA_LICA (JMBG,IME_KONTAKT_OSOBE,BROJ_FAKSA,PORESKI_IDENTIFIKACIONI_BROJ) values (2222224682256,'Jovan Jovanovic',34567890,345678901);
Insert into S18399.PRAVNA_LICA (JMBG,IME_KONTAKT_OSOBE,BROJ_FAKSA,PORESKI_IDENTIFIKACIONI_BROJ) values (4444444444256,'Ivana Ivic',null,456789012);
Insert into S18399.PRAVNA_LICA (JMBG,IME_KONTAKT_OSOBE,BROJ_FAKSA,PORESKI_IDENTIFIKACIONI_BROJ) values (1955555555587,'Miroslav Milic',56789012,567890123);
Insert into S18399.PRAVNA_LICA (JMBG,IME_KONTAKT_OSOBE,BROJ_FAKSA,PORESKI_IDENTIFIKACIONI_BROJ) values (8822883688888,'Ivana Ivic',null,456789012);
Insert into S18399.PRAVNA_LICA (JMBG,IME_KONTAKT_OSOBE,BROJ_FAKSA,PORESKI_IDENTIFIKACIONI_BROJ) values (9922996799999,'Miroslav Milic',56789012,567890123);
Insert into S18399.PRAVNA_LICA (JMBG,IME_KONTAKT_OSOBE,BROJ_FAKSA,PORESKI_IDENTIFIKACIONI_BROJ) values (68556677889,'Marko Petrovic',2324568,123456789);
Insert into S18399.PRAVNA_LICA (JMBG,IME_KONTAKT_OSOBE,BROJ_FAKSA,PORESKI_IDENTIFIKACIONI_BROJ) values (5368778899001,'Ivana Kovacevic',5678985,987654321);
Insert into S18399.PRAVNA_LICA (JMBG,IME_KONTAKT_OSOBE,BROJ_FAKSA,PORESKI_IDENTIFIKACIONI_BROJ) values (4411111361111,'Nikola Nikolic',3324568,135792468);
Insert into S18399.PRAVNA_LICA (JMBG,IME_KONTAKT_OSOBE,BROJ_FAKSA,PORESKI_IDENTIFIKACIONI_BROJ) values (4422222362222,'Jovana Jovic',8723456,864213579);
Insert into S18399.PRAVNA_LICA (JMBG,IME_KONTAKT_OSOBE,BROJ_FAKSA,PORESKI_IDENTIFIKACIONI_BROJ) values (4433333663333,'Milos Milosevic',4234567,789456123);
Insert into S18399.PRAVNA_LICA (JMBG,IME_KONTAKT_OSOBE,BROJ_FAKSA,PORESKI_IDENTIFIKACIONI_BROJ) values (4554444364444,'Marija Maric',5478962,159753468);
Insert into S18399.PRAVNA_LICA (JMBG,IME_KONTAKT_OSOBE,BROJ_FAKSA,PORESKI_IDENTIFIKACIONI_BROJ) values (1166666476666,'Vuk Vukovic',3456789,357159864);
Insert into S18399.PRAVNA_LICA (JMBG,IME_KONTAKT_OSOBE,BROJ_FAKSA,PORESKI_IDENTIFIKACIONI_BROJ) values (6688888468888,'Sara Saric',4765981,642857319);
Insert into S18399.PRAVNA_LICA (JMBG,IME_KONTAKT_OSOBE,BROJ_FAKSA,PORESKI_IDENTIFIKACIONI_BROJ) values (4299999359999,'Petar Petrovic',2345678,235689741);
Insert into S18399.PRAVNA_LICA (JMBG,IME_KONTAKT_OSOBE,BROJ_FAKSA,PORESKI_IDENTIFIKACIONI_BROJ) values (1234561590199,'Maja Majic',7895432,987123654);
Insert into S18399.PRAVNA_LICA (JMBG,IME_KONTAKT_OSOBE,BROJ_FAKSA,PORESKI_IDENTIFIKACIONI_BROJ) values (2345671501299,'Ana Andric',3254679,753198642);
Insert into S18399.PRAVNA_LICA (JMBG,IME_KONTAKT_OSOBE,BROJ_FAKSA,PORESKI_IDENTIFIKACIONI_BROJ) values (5678901534599,'Dusan Dusanovic',7865432,369258147);
Insert into S18399.PRAVNA_LICA (JMBG,IME_KONTAKT_OSOBE,BROJ_FAKSA,PORESKI_IDENTIFIKACIONI_BROJ) values (6789012555878,'Nina Nikolic',4256987,987654321);
Insert into S18399.PRAVNA_LICA (JMBG,IME_KONTAKT_OSOBE,BROJ_FAKSA,PORESKI_IDENTIFIKACIONI_BROJ) values (7890129555889,'Zoran Zoric',9876543,123456789);
Insert into S18399.PRAVNA_LICA (JMBG,IME_KONTAKT_OSOBE,BROJ_FAKSA,PORESKI_IDENTIFIKACIONI_BROJ) values (8903234555890,'Jelena Jankovic',7548963,135792468);
Insert into S18399.PRAVNA_LICA (JMBG,IME_KONTAKT_OSOBE,BROJ_FAKSA,PORESKI_IDENTIFIKACIONI_BROJ) values (9012365445801,'Luka Lukic',4369852,864213579);
Insert into S18399.PRAVNA_LICA (JMBG,IME_KONTAKT_OSOBE,BROJ_FAKSA,PORESKI_IDENTIFIKACIONI_BROJ) values (1112211991156,'Sofija Sofic',5642389,789456123);
Insert into S18399.PRAVNA_LICA (JMBG,IME_KONTAKT_OSOBE,BROJ_FAKSA,PORESKI_IDENTIFIKACIONI_BROJ) values (2222224992256,'Tara Tasic',7456129,159753468);
Insert into S18399.PRAVNA_LICA (JMBG,IME_KONTAKT_OSOBE,BROJ_FAKSA,PORESKI_IDENTIFIKACIONI_BROJ) values (4444444994256,'Filip Filipovic',9182753,357159864);
Insert into S18399.PRAVNA_LICA (JMBG,IME_KONTAKT_OSOBE,BROJ_FAKSA,PORESKI_IDENTIFIKACIONI_BROJ) values (1955555995587,'Goran Goric',4281759,642857319);
Insert into S18399.PRAVNA_LICA (JMBG,IME_KONTAKT_OSOBE,BROJ_FAKSA,PORESKI_IDENTIFIKACIONI_BROJ) values (8822883680088,'Filip Filipovic',9182753,357159864);
Insert into S18399.PRAVNA_LICA (JMBG,IME_KONTAKT_OSOBE,BROJ_FAKSA,PORESKI_IDENTIFIKACIONI_BROJ) values (9922996790099,'Goran Goric',4281759,642857319);


Insert into S18399.STATICKA_ADRESA (ID,FLAT_RATE,STATICKA_ADRESA) values (1,2,'192.10.10.0');
Insert into S18399.STATICKA_ADRESA (ID,FLAT_RATE,STATICKA_ADRESA) values (2,3,'192.16.101.0');
Insert into S18399.STATICKA_ADRESA (ID,FLAT_RATE,STATICKA_ADRESA) values (3,3,'192.16.102.0');
REM INSERTING into S18399.TELEFON
SET DEFINE OFF;
Insert into S18399.TELEFON (ID,JMBG_KORISNIKA,TELEFON) values (1,1234567890123,2345678);
Insert into S18399.TELEFON (ID,JMBG_KORISNIKA,TELEFON) values (3,2345678901234,1234567);
Insert into S18399.TELEFON (ID,JMBG_KORISNIKA,TELEFON) values (4,3456789012345,3456789);
Insert into S18399.TELEFON (ID,JMBG_KORISNIKA,TELEFON) values (5,4567890123456,4567890);
Insert into S18399.TELEFON (ID,JMBG_KORISNIKA,TELEFON) values (6,5678901234567,5678901);
Insert into S18399.TELEFON (ID,JMBG_KORISNIKA,TELEFON) values (7,6789012345678,6789012);
Insert into S18399.TELEFON (ID,JMBG_KORISNIKA,TELEFON) values (8,7890123456789,7890123);
Insert into S18399.TELEFON (ID,JMBG_KORISNIKA,TELEFON) values (9,8901234567890,8901234);
Insert into S18399.TELEFON (ID,JMBG_KORISNIKA,TELEFON) values (10,9012345678901,9012345);
Insert into S18399.TELEFON (ID,JMBG_KORISNIKA,TELEFON) values (22,5555555555555,123456789);
Insert into S18399.TELEFON (ID,JMBG_KORISNIKA,TELEFON) values (23,6666666666666,234567890);
Insert into S18399.TELEFON (ID,JMBG_KORISNIKA,TELEFON) values (24,7777777777777,345678901);
Insert into S18399.TELEFON (ID,JMBG_KORISNIKA,TELEFON) values (25,8888888888888,456789012);
Insert into S18399.TELEFON (ID,JMBG_KORISNIKA,TELEFON) values (26,9999999999999,567890123);
Insert into S18399.TELEFON (ID,JMBG_KORISNIKA,TELEFON) values (27,1234567890120,678901234);
Insert into S18399.TELEFON (ID,JMBG_KORISNIKA,TELEFON) values (28,2345678901230,789012345);
Insert into S18399.TELEFON (ID,JMBG_KORISNIKA,TELEFON) values (29,3456789012340,890123456);
Insert into S18399.TELEFON (ID,JMBG_KORISNIKA,TELEFON) values (30,4567890123450,901234567);
Insert into S18399.TELEFON (ID,JMBG_KORISNIKA,TELEFON) values (31,5678901234560,1234567890);
Insert into S18399.TELEFON (ID,JMBG_KORISNIKA,TELEFON) values (32,6789012745678,2345678901);
Insert into S18399.TELEFON (ID,JMBG_KORISNIKA,TELEFON) values (33,7890129456789,3456789012);
Insert into S18399.TELEFON (ID,JMBG_KORISNIKA,TELEFON) values (34,8903234567890,4567890123);
Insert into S18399.TELEFON (ID,JMBG_KORISNIKA,TELEFON) values (35,9012365678901,5678901234);
Insert into S18399.TELEFON (ID,JMBG_KORISNIKA,TELEFON) values (36,5674901234560,6789012345);
Insert into S18399.TELEFON (ID,JMBG_KORISNIKA,TELEFON) values (45,9999996799999,12345678);
Insert into S18399.TELEFON (ID,JMBG_KORISNIKA,TELEFON) values (46,1010102210101,87654321);
Insert into S18399.TELEFON (ID,JMBG_KORISNIKA,TELEFON) values (47,1134567890123,11111111);
Insert into S18399.TELEFON (ID,JMBG_KORISNIKA,TELEFON) values (48,1145678901234,22222222);
Insert into S18399.TELEFON (ID,JMBG_KORISNIKA,TELEFON) values (49,1156789012345,33333333);
Insert into S18399.TELEFON (ID,JMBG_KORISNIKA,TELEFON) values (50,1167890123456,44444444);
Insert into S18399.TELEFON (ID,JMBG_KORISNIKA,TELEFON) values (51,1178901234567,55555555);
Insert into S18399.TELEFON (ID,JMBG_KORISNIKA,TELEFON) values (52,2289012345678,66666666);
Insert into S18399.TELEFON (ID,JMBG_KORISNIKA,TELEFON) values (53,2290123456789,77777777);
Insert into S18399.TELEFON (ID,JMBG_KORISNIKA,TELEFON) values (54,2201234567890,88888888);
Insert into S18399.TELEFON (ID,JMBG_KORISNIKA,TELEFON) values (55,2212345678901,99999999);
Insert into S18399.TELEFON (ID,JMBG_KORISNIKA,TELEFON) values (56,1222334455667,11112222);
Insert into S18399.TELEFON (ID,JMBG_KORISNIKA,TELEFON) values (57,33445566778,33334444);
Insert into S18399.TELEFON (ID,JMBG_KORISNIKA,TELEFON) values (58,44556677889,55556666);
Insert into S18399.TELEFON (ID,JMBG_KORISNIKA,TELEFON) values (59,3355667788990,77778888);
Insert into S18399.TELEFON (ID,JMBG_KORISNIKA,TELEFON) values (60,5366778899001,99991010);
Insert into S18399.TELEFON (ID,JMBG_KORISNIKA,TELEFON) values (61,6377889900112,12121212);
Insert into S18399.TELEFON (ID,JMBG_KORISNIKA,TELEFON) values (62,4488990011220,34343434);
Insert into S18399.TELEFON (ID,JMBG_KORISNIKA,TELEFON) values (63,4411111111111,56565656);
Insert into S18399.TELEFON (ID,JMBG_KORISNIKA,TELEFON) values (65,4433333333333,987654321);
Insert into S18399.TELEFON (ID,JMBG_KORISNIKA,TELEFON) values (66,4554444444444,555666777);
Insert into S18399.TELEFON (ID,JMBG_KORISNIKA,TELEFON) values (67,1155555555555,444555666);
Insert into S18399.TELEFON (ID,JMBG_KORISNIKA,TELEFON) values (68,1166666666666,777888999);
Insert into S18399.TELEFON (ID,JMBG_KORISNIKA,TELEFON) values (69,5577777777777,1010101010);
Insert into S18399.TELEFON (ID,JMBG_KORISNIKA,TELEFON) values (70,6688888888888,123123123);
Insert into S18399.TELEFON (ID,JMBG_KORISNIKA,TELEFON) values (71,4299999999999,456456456);
Insert into S18399.TELEFON (ID,JMBG_KORISNIKA,TELEFON) values (72,1234567890199,789789789);
Insert into S18399.TELEFON (ID,JMBG_KORISNIKA,TELEFON) values (73,2345678901299,555555555);
Insert into S18399.TELEFON (ID,JMBG_KORISNIKA,TELEFON) values (74,3456789012349,666666666);
Insert into S18399.TELEFON (ID,JMBG_KORISNIKA,TELEFON) values (75,4567890123499,777777777);
Insert into S18399.TELEFON (ID,JMBG_KORISNIKA,TELEFON) values (76,5678901234599,888888888);
Insert into S18399.TELEFON (ID,JMBG_KORISNIKA,TELEFON) values (77,6789012555678,111111111);
Insert into S18399.TELEFON (ID,JMBG_KORISNIKA,TELEFON) values (78,7890129556789,222222222);
Insert into S18399.TELEFON (ID,JMBG_KORISNIKA,TELEFON) values (79,8903234557890,333333333);
Insert into S18399.TELEFON (ID,JMBG_KORISNIKA,TELEFON) values (80,9012365448901,444444444);
Insert into S18399.TELEFON (ID,JMBG_KORISNIKA,TELEFON) values (85,4444444444256,999999999);
Insert into S18399.TELEFON (ID,JMBG_KORISNIKA,TELEFON) values (87,6226634666666,63582934);
Insert into S18399.TELEFON (ID,JMBG_KORISNIKA,TELEFON) values (88,7227776877777,68861100);
Insert into S18399.TELEFON (ID,JMBG_KORISNIKA,TELEFON) values (89,8822883688888,45727101);
Insert into S18399.TELEFON (ID,JMBG_KORISNIKA,TELEFON) values (90,9922996799999,56494392);
Insert into S18399.TELEFON (ID,JMBG_KORISNIKA,TELEFON) values (91,1022102210101,30493992);
Insert into S18399.TELEFON (ID,JMBG_KORISNIKA,TELEFON) values (92,1134564690123,85391412);
Insert into S18399.TELEFON (ID,JMBG_KORISNIKA,TELEFON) values (96,2289012324678,12382395);
Insert into S18399.TELEFON (ID,JMBG_KORISNIKA,TELEFON) values (97,2290123424789,29715380);
Insert into S18399.TELEFON (ID,JMBG_KORISNIKA,TELEFON) values (98,2201234524890,15248539);
Insert into S18399.TELEFON (ID,JMBG_KORISNIKA,TELEFON) values (99,2212345624901,14292342);
Insert into S18399.TELEFON (ID,JMBG_KORISNIKA,TELEFON) values (100,1222334424667,75214613);
Insert into S18399.TELEFON (ID,JMBG_KORISNIKA,TELEFON) values (101,68445566778,34887131);
Insert into S18399.TELEFON (ID,JMBG_KORISNIKA,TELEFON) values (102,68556677889,23043329);
Insert into S18399.TELEFON (ID,JMBG_KORISNIKA,TELEFON) values (103,3368667788990,83015739);
Insert into S18399.TELEFON (ID,JMBG_KORISNIKA,TELEFON) values (104,5368778899001,58955755);
Insert into S18399.TELEFON (ID,JMBG_KORISNIKA,TELEFON) values (105,6368889900112,68436389);
Insert into S18399.TELEFON (ID,JMBG_KORISNIKA,TELEFON) values (106,4488990361220,77443222);
Insert into S18399.TELEFON (ID,JMBG_KORISNIKA,TELEFON) values (107,4411111361111,46312692);
Insert into S18399.TELEFON (ID,JMBG_KORISNIKA,TELEFON) values (108,4422222362222,77648201);
Insert into S18399.TELEFON (ID,JMBG_KORISNIKA,TELEFON) values (109,4433333663333,99098723);
Insert into S18399.TELEFON (ID,JMBG_KORISNIKA,TELEFON) values (116,1234561590199,68285931);
Insert into S18399.TELEFON (ID,JMBG_KORISNIKA,TELEFON) values (117,2345671501299,84328310);
Insert into S18399.TELEFON (ID,JMBG_KORISNIKA,TELEFON) values (118,3456781512349,97138325);
Insert into S18399.TELEFON (ID,JMBG_KORISNIKA,TELEFON) values (163,6666634666666,34567890120);
Insert into S18399.TELEFON (ID,JMBG_KORISNIKA,TELEFON) values (164,7777776877777,45678901230);
Insert into S18399.TELEFON (ID,JMBG_KORISNIKA,TELEFON) values (165,8888883688888,56789012340);
REM INSERTING into S18399.TELEFONIJA
SET DEFINE OFF;
Insert into S18399.TELEFONIJA (ID_USLUGE) values (3);
Insert into S18399.TELEFONIJA (ID_USLUGE) values (4);
REM INSERTING into S18399.TELEVIZIJA
SET DEFINE OFF;
Insert into S18399.TELEVIZIJA (ID_USLUGE,PAKET) values (5,'Paket11');
Insert into S18399.TELEVIZIJA (ID_USLUGE,PAKET) values (6,'Paket21');
REM INSERTING into S18399.UREDJAJ
SET DEFINE OFF;
Insert into S18399.UREDJAJ (SERIJSKI_BROJ,PROIZVODJAC,DATUM_POCETKA_UPOTREBE,RAZLOG_POSLEDNJEG_SERVISA,TIP_UREDJAJA) values (12345,'Samsung',to_date('15-JAN-20','DD-MON-RR'),'Zamena baterije','Hub');
Insert into S18399.UREDJAJ (SERIJSKI_BROJ,PROIZVODJAC,DATUM_POCETKA_UPOTREBE,RAZLOG_POSLEDNJEG_SERVISA,TIP_UREDJAJA) values (23456,'Apple',to_date('20-MAY-19','DD-MON-RR'),'Popravka ekrana','Hub');
Insert into S18399.UREDJAJ (SERIJSKI_BROJ,PROIZVODJAC,DATUM_POCETKA_UPOTREBE,RAZLOG_POSLEDNJEG_SERVISA,TIP_UREDJAJA) values (34567,'HP',to_date('01-FEB-21','DD-MON-RR'),'Zamena hard diska','Hub');
Insert into S18399.UREDJAJ (SERIJSKI_BROJ,PROIZVODJAC,DATUM_POCETKA_UPOTREBE,RAZLOG_POSLEDNJEG_SERVISA,TIP_UREDJAJA) values (45678,'Dell',to_date('10-JUL-20','DD-MON-RR'),'Popravka mati?ne plo?e','Glavna stanica
');
Insert into S18399.UREDJAJ (SERIJSKI_BROJ,PROIZVODJAC,DATUM_POCETKA_UPOTREBE,RAZLOG_POSLEDNJEG_SERVISA,TIP_UREDJAJA) values (56789,'Lenovo',to_date('12-NOV-18','DD-MON-RR'),'Zamena tastature','Glavna stanica');
Insert into S18399.UREDJAJ (SERIJSKI_BROJ,PROIZVODJAC,DATUM_POCETKA_UPOTREBE,RAZLOG_POSLEDNJEG_SERVISA,TIP_UREDJAJA) values (67890,'Apple',to_date('22-MAR-21','DD-MON-RR'),'Popravka baterije','Glavna stanica');
Insert into S18399.UREDJAJ (SERIJSKI_BROJ,PROIZVODJAC,DATUM_POCETKA_UPOTREBE,RAZLOG_POSLEDNJEG_SERVISA,TIP_UREDJAJA) values (78901,'Samsung',to_date('05-JAN-22','DD-MON-RR'),'Zamena displeja','Glavna stanica');
Insert into S18399.UREDJAJ (SERIJSKI_BROJ,PROIZVODJAC,DATUM_POCETKA_UPOTREBE,RAZLOG_POSLEDNJEG_SERVISA,TIP_UREDJAJA) values (89012,'Dell',to_date('19-SEP-19','DD-MON-RR'),'Popravka grafi?ke kartice','Glavna stanica');
Insert into S18399.UREDJAJ (SERIJSKI_BROJ,PROIZVODJAC,DATUM_POCETKA_UPOTREBE,RAZLOG_POSLEDNJEG_SERVISA,TIP_UREDJAJA) values (90123,'Lenovo',to_date('01-MAR-22','DD-MON-RR'),'Zamena baterije','Glavna stanica');
Insert into S18399.UREDJAJ (SERIJSKI_BROJ,PROIZVODJAC,DATUM_POCETKA_UPOTREBE,RAZLOG_POSLEDNJEG_SERVISA,TIP_UREDJAJA) values (123456,'Cisco',to_date('15-JUL-19','DD-MON-RR'),'Zamena napajanja','Glavna stanica');
Insert into S18399.UREDJAJ (SERIJSKI_BROJ,PROIZVODJAC,DATUM_POCETKA_UPOTREBE,RAZLOG_POSLEDNJEG_SERVISA,TIP_UREDJAJA) values (234567,'TP-Link',to_date('12-APR-21','DD-MON-RR'),'Popravka antene','Glavna stanica');
Insert into S18399.UREDJAJ (SERIJSKI_BROJ,PROIZVODJAC,DATUM_POCETKA_UPOTREBE,RAZLOG_POSLEDNJEG_SERVISA,TIP_UREDJAJA) values (345678,'D-Link',to_date('20-NOV-20','DD-MON-RR'),'Zamena adaptera','Glavna stanica');
Insert into S18399.UREDJAJ (SERIJSKI_BROJ,PROIZVODJAC,DATUM_POCETKA_UPOTREBE,RAZLOG_POSLEDNJEG_SERVISA,TIP_UREDJAJA) values (456789,'Netgear',to_date('28-FEB-22','DD-MON-RR'),'Popravka firewalla','Komunikacioni cvor');
Insert into S18399.UREDJAJ (SERIJSKI_BROJ,PROIZVODJAC,DATUM_POCETKA_UPOTREBE,RAZLOG_POSLEDNJEG_SERVISA,TIP_UREDJAJA) values (567890,'Cisco',to_date('03-DEC-18','DD-MON-RR'),'Zamena ventilatora','Komunikacioni cvor');
Insert into S18399.UREDJAJ (SERIJSKI_BROJ,PROIZVODJAC,DATUM_POCETKA_UPOTREBE,RAZLOG_POSLEDNJEG_SERVISA,TIP_UREDJAJA) values (678901,'Samsung',to_date('18-JUN-21','DD-MON-RR'),'Popravka kamera','Komunikacioni cvor');
Insert into S18399.UREDJAJ (SERIJSKI_BROJ,PROIZVODJAC,DATUM_POCETKA_UPOTREBE,RAZLOG_POSLEDNJEG_SERVISA,TIP_UREDJAJA) values (789012,'Apple',to_date('01-JAN-22','DD-MON-RR'),'Zamena displeja','Komunikacioni cvor');
Insert into S18399.UREDJAJ (SERIJSKI_BROJ,PROIZVODJAC,DATUM_POCETKA_UPOTREBE,RAZLOG_POSLEDNJEG_SERVISA,TIP_UREDJAJA) values (890123,'Samsung',to_date('20-SEP-20','DD-MON-RR'),'Popravka ekrana','Komunikacioni cvor');
Insert into S18399.UREDJAJ (SERIJSKI_BROJ,PROIZVODJAC,DATUM_POCETKA_UPOTREBE,RAZLOG_POSLEDNJEG_SERVISA,TIP_UREDJAJA) values (901234,'LG',to_date('01-MAY-21','DD-MON-RR'),'Zamena napajanja','Komunikacioni cvor');
Insert into S18399.UREDJAJ (SERIJSKI_BROJ,PROIZVODJAC,DATUM_POCETKA_UPOTREBE,RAZLOG_POSLEDNJEG_SERVISA,TIP_UREDJAJA) values (1234567,'Sony',to_date('10-SEP-17','DD-MON-RR'),'Popravka displeja','Komunikacioni cvor');
Insert into S18399.UREDJAJ (SERIJSKI_BROJ,PROIZVODJAC,DATUM_POCETKA_UPOTREBE,RAZLOG_POSLEDNJEG_SERVISA,TIP_UREDJAJA) values (2345678,'Philips',to_date('15-MAR-22','DD-MON-RR'),'Zamena napajanja','Komunikacioni cvor');
Insert into S18399.UREDJAJ (SERIJSKI_BROJ,PROIZVODJAC,DATUM_POCETKA_UPOTREBE,RAZLOG_POSLEDNJEG_SERVISA,TIP_UREDJAJA) values (3456789,'Samsung',to_date('20-NOV-21','DD-MON-RR'),'Popravka zvu?nika','Komunikacioni cvor');
Insert into S18399.UREDJAJ (SERIJSKI_BROJ,PROIZVODJAC,DATUM_POCETKA_UPOTREBE,RAZLOG_POSLEDNJEG_SERVISA,TIP_UREDJAJA) values (4567890,'Apple',to_date('05-JUN-20','DD-MON-RR'),'Zamena displeja','Komunikacioni cvor');
Insert into S18399.UREDJAJ (SERIJSKI_BROJ,PROIZVODJAC,DATUM_POCETKA_UPOTREBE,RAZLOG_POSLEDNJEG_SERVISA,TIP_UREDJAJA) values (5678901,'Samsung',to_date('01-FEB-14','DD-MON-RR'),'Popravka baterije','Komunikacioni cvor');
Insert into S18399.UREDJAJ (SERIJSKI_BROJ,PROIZVODJAC,DATUM_POCETKA_UPOTREBE,RAZLOG_POSLEDNJEG_SERVISA,TIP_UREDJAJA) values (123456789,'Samsung',to_date('15-MAR-19','DD-MON-RR'),'Zamena baterije','Komunikacioni cvor');
Insert into S18399.UREDJAJ (SERIJSKI_BROJ,PROIZVODJAC,DATUM_POCETKA_UPOTREBE,RAZLOG_POSLEDNJEG_SERVISA,TIP_UREDJAJA) values (234567890,'Apple',to_date('22-SEP-20','DD-MON-RR'),'Zamena ekrana','Komunikacioni cvor');
Insert into S18399.UREDJAJ (SERIJSKI_BROJ,PROIZVODJAC,DATUM_POCETKA_UPOTREBE,RAZLOG_POSLEDNJEG_SERVISA,TIP_UREDJAJA) values (345678901,'Huawei',to_date('01-MAY-20','DD-MON-RR'),'Softverska nadogradnja','Komunikacioni cvor');
Insert into S18399.UREDJAJ (SERIJSKI_BROJ,PROIZVODJAC,DATUM_POCETKA_UPOTREBE,RAZLOG_POSLEDNJEG_SERVISA,TIP_UREDJAJA) values (3456789012,'Xiaomi',to_date('10-JAN-22','DD-MON-RR'),'Zamena kamere','Komunikacioni cvor');
Insert into S18399.UREDJAJ (SERIJSKI_BROJ,PROIZVODJAC,DATUM_POCETKA_UPOTREBE,RAZLOG_POSLEDNJEG_SERVISA,TIP_UREDJAJA) values (567890123,'Nokia',to_date('11-NOV-19','DD-MON-RR'),'Zamena baterije','Komunikacioni cvor');
Insert into S18399.UREDJAJ (SERIJSKI_BROJ,PROIZVODJAC,DATUM_POCETKA_UPOTREBE,RAZLOG_POSLEDNJEG_SERVISA,TIP_UREDJAJA) values (678901234,'Sony',to_date('31-DEC-20','DD-MON-RR'),'Zamena ekrana','Komunikacioni cvor');
Insert into S18399.UREDJAJ (SERIJSKI_BROJ,PROIZVODJAC,DATUM_POCETKA_UPOTREBE,RAZLOG_POSLEDNJEG_SERVISA,TIP_UREDJAJA) values (789012345,'Samsung',to_date('14-JUL-21','DD-MON-RR'),'Softverska nadogradnja','Komunikacioni cvor');
Insert into S18399.UREDJAJ (SERIJSKI_BROJ,PROIZVODJAC,DATUM_POCETKA_UPOTREBE,RAZLOG_POSLEDNJEG_SERVISA,TIP_UREDJAJA) values (556677889,'Huawei',to_date('11-MAY-21','DD-MON-RR'),'Softverska nadogradnja','Komunikacioni cvor');
Insert into S18399.UREDJAJ (SERIJSKI_BROJ,PROIZVODJAC,DATUM_POCETKA_UPOTREBE,RAZLOG_POSLEDNJEG_SERVISA,TIP_UREDJAJA) values (778899001,'Nokia',to_date('15-MAR-20','DD-MON-RR'),'Zamena baterije','Komunikacioni cvor');
Insert into S18399.UREDJAJ (SERIJSKI_BROJ,PROIZVODJAC,DATUM_POCETKA_UPOTREBE,RAZLOG_POSLEDNJEG_SERVISA,TIP_UREDJAJA) values (889900112,'Sony',to_date('18-JUL-20','DD-MON-RR'),'Zamena ekrana','Komunikacioni cvor');
Insert into S18399.UREDJAJ (SERIJSKI_BROJ,PROIZVODJAC,DATUM_POCETKA_UPOTREBE,RAZLOG_POSLEDNJEG_SERVISA,TIP_UREDJAJA) values (990011223,'Samsung',to_date('09-FEB-22','DD-MON-RR'),'Softverska nadogradnja','Komunikacioni cvor');
Insert into S18399.UREDJAJ (SERIJSKI_BROJ,PROIZVODJAC,DATUM_POCETKA_UPOTREBE,RAZLOG_POSLEDNJEG_SERVISA,TIP_UREDJAJA) values (100123456,'Apple',to_date('30-SEP-21','DD-MON-RR'),'Zamena baterije','Komunikacioni cvor');
Insert into S18399.UREDJAJ (SERIJSKI_BROJ,PROIZVODJAC,DATUM_POCETKA_UPOTREBE,RAZLOG_POSLEDNJEG_SERVISA,TIP_UREDJAJA) values (111234567,'Xiaomi',to_date('12-APR-22','DD-MON-RR'),'Zamena ekrana','Komunikacioni cvor');
Insert into S18399.UREDJAJ (SERIJSKI_BROJ,PROIZVODJAC,DATUM_POCETKA_UPOTREBE,RAZLOG_POSLEDNJEG_SERVISA,TIP_UREDJAJA) values (222345678,'LG',to_date('26-JUN-20','DD-MON-RR'),'Softverska nadogradnja','Komunikacioni cvor');
Insert into S18399.UREDJAJ (SERIJSKI_BROJ,PROIZVODJAC,DATUM_POCETKA_UPOTREBE,RAZLOG_POSLEDNJEG_SERVISA,TIP_UREDJAJA) values (333456789,'Motorola',to_date('09-NOV-21','DD-MON-RR'),'Zamena kamere','Komunikacioni cvor');
Insert into S18399.UREDJAJ (SERIJSKI_BROJ,PROIZVODJAC,DATUM_POCETKA_UPOTREBE,RAZLOG_POSLEDNJEG_SERVISA,TIP_UREDJAJA) values (123459,'Dell',to_date('17-MAR-22','DD-MON-RR'),'Zamena tastature','Komunikacioni cvor');
Insert into S18399.UREDJAJ (SERIJSKI_BROJ,PROIZVODJAC,DATUM_POCETKA_UPOTREBE,RAZLOG_POSLEDNJEG_SERVISA,TIP_UREDJAJA) values (234570,'Lenovo',to_date('07-FEB-21','DD-MON-RR'),'?i?enje ventilatora','Komunikacioni cvor');
Insert into S18399.UREDJAJ (SERIJSKI_BROJ,PROIZVODJAC,DATUM_POCETKA_UPOTREBE,RAZLOG_POSLEDNJEG_SERVISA,TIP_UREDJAJA) values (345681,'HP',to_date('11-APR-22','DD-MON-RR'),'Zamena ekrana','Komunikacioni cvor');
Insert into S18399.UREDJAJ (SERIJSKI_BROJ,PROIZVODJAC,DATUM_POCETKA_UPOTREBE,RAZLOG_POSLEDNJEG_SERVISA,TIP_UREDJAJA) values (567903,'LG',to_date('01-DEC-21','DD-MON-RR'),'Auriranje softvera','Komunikacioni cvor');
Insert into S18399.UREDJAJ (SERIJSKI_BROJ,PROIZVODJAC,DATUM_POCETKA_UPOTREBE,RAZLOG_POSLEDNJEG_SERVISA,TIP_UREDJAJA) values (678914,'Samsung',to_date('16-MAR-20','DD-MON-RR'),'Zamena baterije','Komunikacioni cvor');
Insert into S18399.UREDJAJ (SERIJSKI_BROJ,PROIZVODJAC,DATUM_POCETKA_UPOTREBE,RAZLOG_POSLEDNJEG_SERVISA,TIP_UREDJAJA) values (789025,'Apple',to_date('28-FEB-22','DD-MON-RR'),'Zamena ekrana','Komunikacioni cvor');
Insert into S18399.UREDJAJ (SERIJSKI_BROJ,PROIZVODJAC,DATUM_POCETKA_UPOTREBE,RAZLOG_POSLEDNJEG_SERVISA,TIP_UREDJAJA) values (890136,'Sony',to_date('10-JUL-19','DD-MON-RR'),'Auriranje drajvera','Komunikacioni cvor');
Insert into S18399.UREDJAJ (SERIJSKI_BROJ,PROIZVODJAC,DATUM_POCETKA_UPOTREBE,RAZLOG_POSLEDNJEG_SERVISA,TIP_UREDJAJA) values (901247,'Acer',to_date('23-SEP-21','DD-MON-RR'),'Zamena hard diska','Komunikacioni cvor');
Insert into S18399.UREDJAJ (SERIJSKI_BROJ,PROIZVODJAC,DATUM_POCETKA_UPOTREBE,RAZLOG_POSLEDNJEG_SERVISA,TIP_UREDJAJA) values (123460,'Lenovo',to_date('07-JAN-20','DD-MON-RR'),'?i?enje ventilatora','Komunikacioni cvor');
Insert into S18399.UREDJAJ (SERIJSKI_BROJ,PROIZVODJAC,DATUM_POCETKA_UPOTREBE,RAZLOG_POSLEDNJEG_SERVISA,TIP_UREDJAJA) values (234571,'HP',to_date('15-APR-22','DD-MON-RR'),'Zamena tastature','Komunikacioni cvor');
Insert into S18399.UREDJAJ (SERIJSKI_BROJ,PROIZVODJAC,DATUM_POCETKA_UPOTREBE,RAZLOG_POSLEDNJEG_SERVISA,TIP_UREDJAJA) values (345682,'Samsung',to_date('11-NOV-19','DD-MON-RR'),'Zamena mati?ne plo?e','Komunikacioni cvor');
Insert into S18399.UREDJAJ (SERIJSKI_BROJ,PROIZVODJAC,DATUM_POCETKA_UPOTREBE,RAZLOG_POSLEDNJEG_SERVISA,TIP_UREDJAJA) values (456793,'Asus',to_date('03-DEC-21','DD-MON-RR'),'Auriranje softvera','Komunikacioni cvor');
Insert into S18399.UREDJAJ (SERIJSKI_BROJ,PROIZVODJAC,DATUM_POCETKA_UPOTREBE,RAZLOG_POSLEDNJEG_SERVISA,TIP_UREDJAJA) values (567904,'LG',to_date('25-MAY-20','DD-MON-RR'),'Zamena baterije','Komunikacioni cvor');
Insert into S18399.UREDJAJ (SERIJSKI_BROJ,PROIZVODJAC,DATUM_POCETKA_UPOTREBE,RAZLOG_POSLEDNJEG_SERVISA,TIP_UREDJAJA) values (890123456,'Apple',to_date('18-FEB-21','DD-MON-RR'),'Zamena baterije','Komunikacioni cvor');
Insert into S18399.UREDJAJ (SERIJSKI_BROJ,PROIZVODJAC,DATUM_POCETKA_UPOTREBE,RAZLOG_POSLEDNJEG_SERVISA,TIP_UREDJAJA) values (901234567,'Xiaomi',to_date('20-MAR-22','DD-MON-RR'),'Zamena ekrana','Komunikacioni cvor');
Insert into S18399.UREDJAJ (SERIJSKI_BROJ,PROIZVODJAC,DATUM_POCETKA_UPOTREBE,RAZLOG_POSLEDNJEG_SERVISA,TIP_UREDJAJA) values (112233445,'LG',to_date('28-FEB-22','DD-MON-RR'),'Softverska nadogradnja','Komunikacioni cvor');
Insert into S18399.UREDJAJ (SERIJSKI_BROJ,PROIZVODJAC,DATUM_POCETKA_UPOTREBE,RAZLOG_POSLEDNJEG_SERVISA,TIP_UREDJAJA) values (223344556,'Motorola',to_date('05-SEP-21','DD-MON-RR'),'Zamena kamere','Komunikacioni cvor');
Insert into S18399.UREDJAJ (SERIJSKI_BROJ,PROIZVODJAC,DATUM_POCETKA_UPOTREBE,RAZLOG_POSLEDNJEG_SERVISA,TIP_UREDJAJA) values (334455667,'Samsung',to_date('01-APR-20','DD-MON-RR'),'Zamena baterije','Komunikacioni cvor');
Insert into S18399.UREDJAJ (SERIJSKI_BROJ,PROIZVODJAC,DATUM_POCETKA_UPOTREBE,RAZLOG_POSLEDNJEG_SERVISA,TIP_UREDJAJA) values (156677889,'Huawei',to_date('11-MAY-21','DD-MON-RR'),'Softverska nadogradnja','Komunikacioni cvor');
Insert into S18399.UREDJAJ (SERIJSKI_BROJ,PROIZVODJAC,DATUM_POCETKA_UPOTREBE,RAZLOG_POSLEDNJEG_SERVISA,TIP_UREDJAJA) values (167788990,'Xiaomi',to_date('03-DEC-21','DD-MON-RR'),'Zamena kamere','Komunikacioni cvor');
Insert into S18399.UREDJAJ (SERIJSKI_BROJ,PROIZVODJAC,DATUM_POCETKA_UPOTREBE,RAZLOG_POSLEDNJEG_SERVISA,TIP_UREDJAJA) values (178899001,'Nokia',to_date('15-MAR-20','DD-MON-RR'),'Zamena baterije','Komunikacioni cvor');
Insert into S18399.UREDJAJ (SERIJSKI_BROJ,PROIZVODJAC,DATUM_POCETKA_UPOTREBE,RAZLOG_POSLEDNJEG_SERVISA,TIP_UREDJAJA) values (189900112,'Sony',to_date('18-JUL-20','DD-MON-RR'),'Zamena ekrana','Komunikacioni cvor');
Insert into S18399.UREDJAJ (SERIJSKI_BROJ,PROIZVODJAC,DATUM_POCETKA_UPOTREBE,RAZLOG_POSLEDNJEG_SERVISA,TIP_UREDJAJA) values (190011223,'Samsung',to_date('09-FEB-22','DD-MON-RR'),'Softverska nadogradnja','Komunikacioni cvor');
Insert into S18399.UREDJAJ (SERIJSKI_BROJ,PROIZVODJAC,DATUM_POCETKA_UPOTREBE,RAZLOG_POSLEDNJEG_SERVISA,TIP_UREDJAJA) values (122345678,'LG',to_date('26-JUN-20','DD-MON-RR'),'Softverska nadogradnja','Komunikacioni cvor');
Insert into S18399.UREDJAJ (SERIJSKI_BROJ,PROIZVODJAC,DATUM_POCETKA_UPOTREBE,RAZLOG_POSLEDNJEG_SERVISA,TIP_UREDJAJA) values (133456789,'Motorola',to_date('09-NOV-21','DD-MON-RR'),'Zamena kamere','Komunikacioni cvor');
Insert into S18399.UREDJAJ (SERIJSKI_BROJ,PROIZVODJAC,DATUM_POCETKA_UPOTREBE,RAZLOG_POSLEDNJEG_SERVISA,TIP_UREDJAJA) values (134567,'Apple',to_date('15-MAR-21','DD-MON-RR'),'Zamena baterije','Komunikacioni cvor');
Insert into S18399.UREDJAJ (SERIJSKI_BROJ,PROIZVODJAC,DATUM_POCETKA_UPOTREBE,RAZLOG_POSLEDNJEG_SERVISA,TIP_UREDJAJA) values (145678,'Sony',to_date('10-MAY-20','DD-MON-RR'),'Auriranje softvera','Komunikacioni cvor');
Insert into S18399.UREDJAJ (SERIJSKI_BROJ,PROIZVODJAC,DATUM_POCETKA_UPOTREBE,RAZLOG_POSLEDNJEG_SERVISA,TIP_UREDJAJA) values (156789,'LG',to_date('25-SEP-19','DD-MON-RR'),'Zamena mati?ne plo?e','Komunikacioni cvor');
Insert into S18399.UREDJAJ (SERIJSKI_BROJ,PROIZVODJAC,DATUM_POCETKA_UPOTREBE,RAZLOG_POSLEDNJEG_SERVISA,TIP_UREDJAJA) values (167890,'HP',to_date('30-NOV-21','DD-MON-RR'),'Zamena tastature','Komunikacioni cvor');
Insert into S18399.UREDJAJ (SERIJSKI_BROJ,PROIZVODJAC,DATUM_POCETKA_UPOTREBE,RAZLOG_POSLEDNJEG_SERVISA,TIP_UREDJAJA) values (178901,'Dell',to_date('15-FEB-20','DD-MON-RR'),'?i?enje ventilatora','Komunikacioni cvor');
REM INSERTING into S18399.USLUGA
SET DEFINE OFF;
Insert into S18399.USLUGA (ID,TIP_USLUGE) values (1,'Internet 1');
Insert into S18399.USLUGA (ID,TIP_USLUGE) values (2,'Internet 2');
Insert into S18399.USLUGA (ID,TIP_USLUGE) values (3,'Telefonija1');
Insert into S18399.USLUGA (ID,TIP_USLUGE) values (4,'Telefonija2');
Insert into S18399.USLUGA (ID,TIP_USLUGE) values (5,'Televizija1');
Insert into S18399.USLUGA (ID,TIP_USLUGE) values (6,'Televizija2');
Insert into S18399.USLUGA (ID,TIP_USLUGE) values (7,'Internet 3');

--------------------------------------------------------
--  DDL for Trigger BROJ_TELEFONA_ID
--------------------------------------------------------

  CREATE OR REPLACE EDITIONABLE TRIGGER "S18399"."BROJ_TELEFONA_ID" 
BEFORE INSERT ON BROJ_TELEFONA REFERENCING NEW AS NEW FOR EACH ROW
BEGIN
  SELECT BROJ_TELEFONA_ID_SEQ.NEXTVAL INTO :NEW.ID FROM DUAL;
END;
/
ALTER TRIGGER "S18399"."BROJ_TELEFONA_ID" ENABLE;
--------------------------------------------------------
--  DDL for Trigger DODATNI_PAKET_KANALA_ID
--------------------------------------------------------

  CREATE OR REPLACE EDITIONABLE TRIGGER "S18399"."DODATNI_PAKET_KANALA_ID" 
BEFORE INSERT ON DODATNI_PAKET_KANALA REFERENCING NEW AS NEW FOR EACH ROW
BEGIN
  SELECT DODATNI_PAKET_KANALA_ID_SEQ.NEXTVAL INTO :NEW.ID FROM DUAL;
END;
/
ALTER TRIGGER "S18399"."DODATNI_PAKET_KANALA_ID" ENABLE;
--------------------------------------------------------
--  DDL for Trigger KORISTI_ID
--------------------------------------------------------

  CREATE OR REPLACE EDITIONABLE TRIGGER "S18399"."KORISTI_ID" 
BEFORE INSERT ON KORISTI REFERENCING NEW AS NEW FOR EACH ROW
BEGIN
  SELECT KORISTI_ID_SEQ.NEXTVAL INTO :NEW.ID FROM DUAL;
END;
/
ALTER TRIGGER "S18399"."KORISTI_ID" ENABLE;

--------------------------------------------------------
--  DDL for Trigger PLACANJE_ID
--------------------------------------------------------

  CREATE OR REPLACE EDITIONABLE TRIGGER "S18399"."PLACANJE_ID" 
BEFORE INSERT ON PLACANJE REFERENCING NEW AS NEW FOR EACH ROW
BEGIN
  SELECT PLACANJE_ID_SEQ.NEXTVAL INTO :NEW.ID FROM DUAL;
END;
/
ALTER TRIGGER "S18399"."PLACANJE_ID" ENABLE;

--------------------------------------------------------
--  DDL for Trigger STATICKA_ADRESA_ID
--------------------------------------------------------

  CREATE OR REPLACE EDITIONABLE TRIGGER "S18399"."STATICKA_ADRESA_ID" 
BEFORE INSERT ON STATICKA_ADRESA REFERENCING NEW AS NEW FOR EACH ROW
BEGIN
  SELECT STATICKA_ADRESA_ID_SEQ.NEXTVAL INTO :NEW.ID FROM DUAL;
END;
/
ALTER TRIGGER "S18399"."STATICKA_ADRESA_ID" ENABLE;
--------------------------------------------------------
--  DDL for Trigger TELEFON_ID
--------------------------------------------------------

  CREATE OR REPLACE EDITIONABLE TRIGGER "S18399"."TELEFON_ID" 
BEFORE INSERT ON TELEFON REFERENCING NEW AS NEW FOR EACH ROW
BEGIN
  SELECT TELEFON_ID_SEQ.NEXTVAL INTO :NEW.ID FROM DUAL;
END;
/
ALTER TRIGGER "S18399"."TELEFON_ID" ENABLE;
--------------------------------------------------------
--  DDL for Trigger USLUGA_ID
--------------------------------------------------------

  CREATE OR REPLACE EDITIONABLE TRIGGER "S18399"."USLUGA_ID" 
BEFORE INSERT ON USLUGA REFERENCING NEW AS NEW FOR EACH ROW
BEGIN
  SELECT USLUGA_ID_SEQ.NEXTVAL INTO :NEW.ID FROM DUAL;
END;
/
ALTER TRIGGER "S18399"."USLUGA_ID" ENABLE;